,model_a_strength,model_b_divergence,model_c_cointegration
2022-06-09,0.0,0.0,0.0
2022-06-10,0.0006871607703277341,3.825847444172522e-05,0.0
2022-06-13,3.348465175374019e-05,-0.001377363054698027,-0.0025677048518549608
2022-06-14,-0.004851737838645601,-0.004649976957101506,-0.005055139887284871
2022-06-15,-0.002411175138900646,0.0006629809449191014,-0.0005215588599471873
2022-06-16,0.004100814786160086,0.0,0.0
2022-06-17,-0.0030500996595703798,0.006009856477270044,0.0058614094789113756
2022-06-20,0.00257651905328019,0.006301639917275457,0.0004623469226680977
2022-06-21,-1.2883048460606342e-05,0.00035793356856739613,0.0
2022-06-22,-5.277689393567393e-07,0.0,-5.277689393567393e-07
2022-06-23,8.115650249375595e-05,0.0002201030517205543,8.115650249375595e-05
2022-06-24,-0.0006718683212778055,-0.0007296061160075269,-0.0007085829126326532
2022-06-27,0.0007743074678969024,0.0006477437498652067,0.0006501664177279992
2022-06-28,0.0020784604663960835,-0.0010353339046003445,0.0013820343915928878
2022-06-29,0.000771274852270495,0.0020711212446804608,0.000771274852270495
2022-06-30,0.0008821435675844107,-0.00010373221836789906,0.0008821435675844107
2022-07-01,0.0028408694533344123,0.001571560194804308,0.0028760805150999393
2022-07-04,0.0028757580628849485,0.0022274863434970336,0.0028757580628849485
2022-07-05,0.0001653415036776068,0.0001983164502349733,0.0002400190571876661
2022-07-06,-6.3518470181632165e-06,0.0004668239558098211,-6.3518470181632165e-06
2022-07-07,0.0005390230945505428,0.0006684282038063095,0.0005390230945505428
2022-07-08,-0.003111381685243655,-0.0003954568519490589,-0.002597203932000681
2022-07-11,-0.0005083526709431512,-0.0005437668820334939,-0.0011709593642802614
2022-07-12,0.0003853899467534508,0.0007951327442418098,0.0010829389302621966
2022-07-13,0.0021048005391260016,0.001249605461916969,0.003253193705797161
2022-07-14,0.00011995539545004054,0.0006874299553887629,2.747079093226465e-05
2022-07-15,0.0,0.0007835806686989392,0.0
2022-07-18,-0.0019202321856734198,-0.0005202777789373113,-0.0019202321856734198
2022-07-19,-0.0013464336907833142,0.0,0.0
2022-07-20,0.000893772270477022,9.749559060182064e-05,0.0004937396133188606
2022-07-21,0.0016871605467479267,0.001877723227723625,0.003619999379699438
2022-07-22,0.0003812647782945795,0.00034331808478464166,0.0006426527496856382
2022-07-25,6.23896844995527e-05,0.00014382302187102697,0.001082542853057023
2022-07-26,0.0,0.0,0.0001886154739949047
2022-07-27,-0.0013189862948182096,-0.00022111470069552505,-6.391138824400164e-06
2022-07-28,-0.0013734332716018101,9.396104658646002e-05,-5.4990817121113875e-06
2022-07-29,-0.0005524483557089342,0.0022104011891927668,-0.00018799432399454596
2022-08-01,0.003078703353988059,-0.0008999769450020755,0.002014293522975723
2022-08-02,-0.0009102739521326764,-0.0006753517243999033,-0.0018874611409402213
2022-08-03,-5.212159730816866e-05,0.004062958234046785,0.00016668801537259676
2022-08-04,-6.82444291319357e-05,-0.0004592547168463761,0.001337339443078262
2022-08-05,-0.0005826834767851095,2.395660256778154e-05,0.0002662597832925409
2022-08-08,-0.0012498294148048969,1.589678103416152e-05,0.00028832447836213036
2022-08-09,-0.0003517867540833295,0.000747369833751108,0.00012098277794549611
2022-08-10,0.0,0.0013491769465697023,-7.429403441773352e-05
2022-08-11,0.0014167174343736144,0.0,0.0007581055132157045
2022-08-12,0.001199340717507685,0.0008699881307032888,0.0009058713029774245
2022-08-15,0.0042813713089128284,0.0,0.0026401472548138022
2022-08-16,0.0029149317139958147,-3.3480299329032844e-05,0.0009013883587930655
2022-08-17,-2.948714029093959e-05,0.0,3.589266464898971e-05
2022-08-18,0.0005337559284954686,-0.001046302495400422,0.0
2022-08-19,-0.0011857394203537712,-0.0002556617789216663,-0.00023733647869422086
2022-08-22,-0.0011008482033342528,-0.00031744815552889306,-0.00011036334399408074
2022-08-23,0.0008358794909105621,-0.0021849199045837877,0.0001705869521202294
2022-08-24,-0.00029037331477428023,9.63748459787985e-05,9.63748459787985e-05
2022-08-25,0.0006921745557713497,0.0008254890558093783,-4.8782250532752145e-05
2022-08-26,0.0004093704486401353,0.0,0.0
2022-08-29,0.0017542121114208647,0.0,0.00037361592149472416
2022-08-30,-0.0010108616056629964,-0.0008769546524148233,-0.00011501908805961277
2022-08-31,-0.0014358173286442327,-0.001139379446780325,-0.0022702214637042835
2022-09-01,-0.0012829244111164115,0.0006890379080851076,0.0006788573907021221
2022-09-02,0.0037543268061252183,0.0030230248658392567,0.0040864647206582776
2022-09-05,0.00011892616904155278,-0.0013488691662881904,-0.00041972886997519574
2022-09-06,0.0,0.000848152599370092,0.0
2022-09-07,-0.0010498968991973568,-0.00044157950383442746,-0.0012351160277686147
2022-09-08,-0.0003356099138625678,0.0010195477746264869,0.00027655037948070703
2022-09-09,0.0002813432958704809,0.0012966383099621223,0.0013663239225504878
2022-09-12,0.0002375886730691815,-0.0012013425283994128,-0.0006765132157724981
2022-09-13,-0.0010356529798645725,-0.0007155102797452965,0.0
2022-09-14,0.0004967261342324258,0.0016426032631342462,0.0013607667776387488
2022-09-15,0.0004062186694760397,0.0005336306547869635,0.0022217937256875
2022-09-16,0.0028880979631044127,0.0008591453321529674,0.0015453485288892573
2022-09-19,-0.0003324661779490021,-0.0005174379108599038,-0.0006919967870244563
2022-09-20,0.00267659810710422,0.0016048067343486056,0.0027355043687881434
2022-09-21,6.853182581148577e-05,-0.0015533739970112828,6.853182581148577e-05
2022-09-22,-0.0007357372202861215,0.00015214947739467788,-0.0007357372202861215
2022-09-23,0.002064309906480117,-9.766369789362728e-05,0.002064309906480117
2022-09-26,-0.00021322126081794437,-0.0033758122791582206,-0.0002768965462264803
2022-09-27,-5.250117929017856e-05,-0.0015574226821262168,0.0009179781457500657
2022-09-28,-9.390863459509872e-05,-0.0005452107167304097,0.00019212724268256068
2022-09-29,0.001229283874766798,-0.0003340512069598007,0.00013146867818524584
2022-09-30,-0.000360400939361486,0.0016094645698844431,0.00236329296415552
2022-10-03,-0.0016584107601541349,0.0027587270730188834,-0.003775419173986786
2022-10-04,0.0,0.0019124303652760066,0.0005433983870613399
2022-10-05,-0.0009862772871037382,-0.005342075687132012,-0.0012922463304084965
2022-10-06,0.0006393342270266614,-0.0005072586612115985,-0.0017326984206105468
2022-10-07,-0.002870122912120937,3.257099590076837e-05,-0.004303627951012379
2022-10-10,0.000286469052267372,0.0008450030566625487,0.0016561222308199256
2022-10-11,0.0,-0.0009927907747098784,-0.0002613494770857805
2022-10-12,-0.00040987559446234684,-0.001869322978118637,-0.00021460845642626002
2022-10-13,0.0010883980103076002,-0.0010067064992453673,0.0
2022-10-14,-0.0027684480137249645,0.000826849007387805,-0.00031880132060259527
2022-10-17,-5.022599003890902e-06,0.0,-0.00290649552993081
2022-10-18,0.0008240009458568966,0.0009115415575456791,-0.002025836385407401
2022-10-19,-0.0014827883925759176,-0.001367570836991474,-0.0004256830393516796
2022-10-20,0.0005639431307168065,0.00046213889373548895,7.253325684697357e-06
2022-10-21,6.063050458019377e-05,0.0006216476741587157,0.0
2022-10-24,0.00011934751416162276,0.0002497299622938497,0.0005861991041216461
2022-10-25,0.0008929915439242138,-2.7800040668017448e-05,0.0012199751264027423
2022-10-26,0.006341285472963441,0.008978403112798265,0.0034966951461503407
2022-10-27,-0.0017425051380927222,0.006096054133150737,-0.002800219423451313
2022-10-28,0.0,0.0029295685503972118,-0.001098032982413575
2022-10-31,0.00012238398563885064,-4.300264635359222e-06,-0.0006933790266437554
2022-11-01,0.0,0.0,-4.307058351871753e-05
2022-11-02,0.0004327293098531244,0.000405694853861863,0.0001773082588335303
2022-11-03,7.76649745535368e-05,0.0012863347062217455,0.00030967055706471603
2022-11-04,-0.0012345685645912899,0.0013945081656762095,0.0
2022-11-07,0.001608836782610489,0.00033252565204829965,0.00012591291430157916
2022-11-08,-0.0008688811009904232,-0.002560502813920174,-0.002468402019386599
2022-11-09,0.0003638447309851084,-0.0016314409242113442,-0.0010905192893257093
2022-11-10,-0.004252914214075035,-0.0013191589719339868,0.0
2022-11-11,0.004487331971737385,0.0010435166562100195,-8.13502154034733e-06
2022-11-14,-0.0009398383424815574,-0.002915865897907096,-0.007531429818503748
2022-11-15,0.007502430015285107,-0.0024426389731305393,0.0005268360908795358
2022-11-16,0.005083669299658068,0.0021625388153518736,0.003787449409887338
2022-11-17,0.004055057847224565,0.0005990961204526529,0.001613605309221028
2022-11-18,-0.0025644834487117936,-0.00020142178853526952,0.0007898743450134094
2022-11-21,0.0005504789082973174,-0.00362305893106881,0.0
2022-11-22,0.0,-0.00039433911733289547,0.00010090434611044352
2022-11-23,0.0018402475369431403,0.0,0.0005944927211683059
2022-11-24,0.0,-2.367373356259475e-05,-6.975333220541401e-05
2022-11-25,-0.0022642466577449706,0.0,-0.003291951452520084
2022-11-28,0.004558221424430013,0.0006365395182426881,0.0018739752748954796
2022-11-29,-0.0014037605567352647,2.8167208327652556e-05,9.365561755160794e-05
2022-11-30,0.00018440027240564834,0.00018318297882646663,0.00037121949603271
2022-12-01,-0.00929125874886803,0.0,-0.001626602664513316
2022-12-02,0.016146796615774953,-0.0007091789370270639,-0.0004713813105115207
2022-12-05,0.0006352492470576923,-0.002114096629369334,0.0
2022-12-06,0.0,0.0,0.0
2022-12-07,-0.002282994667448983,-0.0006505793579491169,0.0013070547310482588
2022-12-08,0.0005109179615766699,-6.921810194094254e-05,2.0251858202184386e-05
2022-12-09,0.0,0.0,0.00021425073464997015
2022-12-12,5.467685776750082e-05,0.0005662583031214095,0.0017376957671742356
2022-12-13,0.0004643591114405133,0.000628292241818484,-0.0001535354872367402
2022-12-14,0.0018818049475864734,0.0037056421006779567,0.0002593176404463619
2022-12-15,0.00014163899476922882,0.00030616789808194023,4.454311826541144e-05
2022-12-16,0.0,-0.0004060809625179221,0.0025824901012853254
2022-12-19,0.004774093166800868,0.00580976921831501,0.0014174977643639378
2022-12-20,0.00011652713242244742,0.0007204615456308323,0.00013021209094884502
2022-12-21,-0.00020359684161277698,0.0,0.0
2022-12-22,3.663050281011717e-05,-0.0005888477263889203,0.0003612494001555955
2022-12-23,-0.0008124721451903444,-4.664774348031964e-05,0.00013756092890830342
2022-12-26,0.0006878169726563223,0.0002659578996121286,-5.146126503594343e-05
2022-12-27,2.565781126213462e-05,-0.00011837738665816097,4.435136491867295e-05
2022-12-28,0.000578966871152872,0.0,5.026395312697169e-08
2022-12-29,-7.289789699786856e-05,0.0,0.0
2022-12-30,5.745531866547004e-05,0.0,0.0
2023-01-02,-0.00042553394635386747,0.001412852188232381,0.0
2023-01-03,-0.00013239852929410276,-0.000736077916024266,-0.002191711924684661
2023-01-04,0.0,-0.0013739804814516597,-0.00023670176214058325
2023-01-05,0.0002639221451510574,0.0025604754796940965,0.0009960634364566659
2023-01-06,-0.0002134021284768122,4.895285263391066e-05,0.0004232011223621291
2023-01-09,0.002031625883007554,0.0018454234830325433,0.000399755854776394
2023-01-10,-0.0017327548964185717,-0.004118549179519113,-0.0009276586095755608
2023-01-11,5.9241662119234404e-05,0.00021820385141027874,-0.0002402550994340905
2023-01-12,0.0,5.680485772899455e-05,0.0
2023-01-13,-0.0001491115910142415,-3.708265580177398e-05,-0.0001491115910142415
2023-01-16,0.00042995054334853746,-0.00029409816783944955,0.00042995054334853746
2023-01-17,0.0002930973453028318,0.00021893299349214974,0.00021893299349214974
2023-01-18,0.0009763988208712254,-0.0019663955875949073,0.0016181736218443504
2023-01-19,-0.0016504269284905112,-0.0004647695189152971,-0.0007171514878564076
2023-01-20,-0.0002477009181104574,0.001959934020928231,0.0027556654822294383
2023-01-23,0.0,-0.00017673607084882782,0.0005550328032387958
2023-01-24,-0.0021068544346336173,0.0,-0.00012122620964886315
2023-01-25,0.00027435325573553504,0.0,-4.369905453978141e-05
2023-01-26,0.0008628817556550892,-5.069301081515269e-05,-0.00036982246355174724
2023-01-27,-0.00025093027610481003,5.4998961396611346e-05,0.0
2023-01-30,0.0,3.289866098512711e-05,0.00011673377062378256
2023-01-31,9.110976578621108e-05,0.0013184062630081292,0.0011097487714542909
2023-02-01,-0.000261143252906863,-0.0023615550468252078,-0.0017744843280615061
2023-02-02,-0.0007768971062122814,-0.001587541541047301,-0.00251623730662959
2023-02-03,7.748493246574129e-05,-0.001927277093363842,-0.0007144415755745293
2023-02-06,-0.0010158341816827818,-0.00013043600508880584,0.000843272335418186
2023-02-07,-0.0032952378393727045,-0.003703745498937915,-0.006338150127261228
2023-02-08,0.0013587804045693296,0.00043348546313907245,0.0015782080004246646
2023-02-09,0.0014502880275387012,0.003126126433746214,0.0008589153570028634
2023-02-10,-0.00027445916937659604,-0.0002580861917601656,-0.00017897652643717588
2023-02-13,0.0003061937457021104,0.0,0.00030140781124615956
2023-02-14,0.00028154334225287793,-0.00043910037099320376,-0.0003018162581473659
2023-02-15,-0.0007715789861763886,-0.00010088991293716124,1.5314447495820235e-05
2023-02-16,0.0,0.0008274271768447513,0.0
2023-02-17,-0.001751526147388782,-0.0011716610582145097,-0.0005450274092581445
2023-02-20,0.00019181257433565355,0.0,1.7832037316718978e-05
2023-02-21,-0.0002940105062128128,0.0,9.689148721265759e-05
2023-02-22,0.0,0.0,0.0
2023-02-23,0.0011526168855454796,0.00029236734908529634,0.0003297382953215825
2023-02-24,-0.0013731203128169792,-0.001524818111173148,-0.0017526339406204487
2023-02-27,0.004154060618164109,0.004378106486401067,0.007275777129988122
2023-02-28,-0.0027202768625694306,-0.000507973052416416,0.0002588272572209569
2023-03-01,-4.774070113849774e-05,0.0,-5.576854581288614e-05
2023-03-02,0.0,-0.002382312107425854,0.0
2023-03-03,-0.0005683646075758128,0.0015881135686731931,-0.0003814240196159522
2023-03-06,-0.0014065062280597853,0.0003145432792049914,0.0
2023-03-07,0.0033516625550581466,0.00135128442996207,0.0010447668705166236
2023-03-08,-0.0024993253071504346,0.0,-0.0001651611941553883
2023-03-09,0.0011428607293148302,0.0005676232679928965,-0.00010894335235012826
2023-03-10,0.00012652094602162362,0.0,0.0
2023-03-13,-0.0009929670227696067,0.0002930774192359319,-0.0008248092258261304
2023-03-14,-0.005637454724462812,-0.00524489582307534,0.0003309659244610889
2023-03-15,0.00553237739408025,0.0013477935477259329,-0.0011151717100078393
2023-03-16,-2.8006878646376267e-05,-0.0008217463831533152,0.0010206215110869388
2023-03-17,-0.0003052885328857592,0.0005912137064587707,-0.0001288461420328869
2023-03-20,0.0021001303234865955,0.0006439692601861068,0.0015264150048099128
2023-03-21,-0.001031128557624738,0.0,0.0005286750673543857
2023-03-22,0.0014728229013060334,-0.0006384950891779167,-9.132173779834797e-05
2023-03-23,0.0008866396136823253,0.0,-2.6954100859923653e-06
2023-03-24,0.0,-6.053497126233754e-06,-0.00041370199722400773
2023-03-27,-1.1020773534074447e-05,0.0037913868904742546,0.0032458718332551385
2023-03-28,0.0,-0.0010937627639096344,0.002029564871718263
2023-03-29,0.00011748229547553149,5.9060848065954214e-05,0.002697160520379949
2023-03-30,0.0,0.0,-0.0031229049282523826
2023-03-31,0.0015416046835476983,0.003170674501345059,0.003210505391988037
2023-04-03,0.001492913373736935,0.0026635749973046847,0.0031637320464106243
2023-04-04,-0.00014038606581574895,-0.0002040405447774727,-0.0001767499808164629
2023-04-05,-0.00073015840816273,0.0,0.0
2023-04-06,-9.857877075429019e-05,0.0,0.00038407622623162535
2023-04-07,-3.7555283509309394e-05,1.1349201212109514e-05,0.00044366456367518885
2023-04-10,-4.284704415689379e-05,0.000584840559351347,0.0
2023-04-11,0.0,0.0,0.0006146182037742107
2023-04-12,-7.511455100631559e-06,-0.0006264802489318797,6.896372116645503e-05
2023-04-13,0.0,0.0,0.0
2023-04-14,0.0,-1.4585694055846568e-05,0.0
2023-04-17,0.0011666531128713478,-3.113913813962248e-05,-6.845197343474663e-05
2023-04-18,-0.00034336728687612097,0.0,0.0
2023-04-19,-0.0001715942054819484,3.9479700329566534e-05,-5.975682430598999e-06
2023-04-20,0.00012761847784708094,0.0,0.0
2023-04-21,0.0005689981770720488,0.00012026202123681731,0.00037403980123042657
2023-04-24,-3.208930134794027e-05,0.0001687987776449356,0.00012797404537656128
2023-04-25,0.0,-0.0004113105812405697,-2.6679784918627443e-06
2023-04-26,0.0,-0.00022003663994543622,8.637109481886496e-05
2023-04-27,-0.00014793213015922582,0.0006793085204564792,0.0003810885401540257
2023-04-28,2.6912053238137388e-05,-6.621345033582448e-06,-2.8462662444593666e-05
2023-05-01,-0.0018159525094953808,-2.8799994654174793e-05,0.0
2023-05-02,0.001279335730420023,0.001462031568276775,0.001523144917816519
2023-05-03,-0.0004579429434025081,7.620239664550724e-05,0.0006706857243657171
2023-05-04,0.0009831668490015218,-6.127278101610341e-05,0.0002392965677543244
2023-05-05,-0.004811018060204149,-0.00013342721958570735,-0.0004562665846244329
2023-05-08,-0.0026119787711424407,0.0012986896435642297,-0.0016030849815380018
2023-05-09,-6.014151310932833e-05,0.0,-4.531135787093691e-05
2023-05-10,-0.00012943504968765445,-0.00012194531074973096,-0.00017837493986077414
2023-05-11,0.00012794470406134496,0.00015026177095325193,-2.3887957118585827e-05
2023-05-12,0.001741452160196678,0.001370536590655884,0.0006360129617194394
2023-05-15,-0.0026547294891687426,-0.00283240439518764,-0.0014495915696255224
2023-05-16,0.0014482082123853336,0.0012356860682598359,0.000987289177313787
2023-05-17,0.0012786900965338086,0.0009852452143366806,0.000630558119577677
2023-05-18,0.0011395975583870276,-0.0004521769401686411,0.0007884385418993427
2023-05-19,-0.00027918074096306306,-0.001543144559930082,0.0009821310133613017
2023-05-22,0.00025252715705521183,0.0014304949823007018,-0.00022063330235537254
2023-05-23,-0.0030788223941332236,-0.00045053432590473445,-0.0022314475758134357
2023-05-24,0.0013469731620238286,0.0004670777564807901,-0.00013078841708749904
2023-05-25,0.00010875872988782263,-0.00017168134658249222,0.0002952838175419955
2023-05-26,-0.00042759479551861523,-0.0004664727517710351,0.0
2023-05-29,0.0024925992085983485,0.0017565216838583302,2.9966587855091188e-05
2023-05-30,0.00028474472084407266,1.2774481006258407e-05,-0.002235425743989268
2023-05-31,-0.00022962313919570643,5.533457672090196e-05,0.0010206690951375871
2023-06-01,-0.0012802347937330724,3.3542415455396135e-07,-0.00059262417097317
2023-06-02,-0.0008482080096819354,0.0,0.0005884912278463057
2023-06-05,0.0,-0.0010044636921448069,1.580985045244204e-05
2023-06-06,0.0011967320899505729,-0.00020192290216068578,-0.0013678167351891006
2023-06-07,-4.872245895862692e-05,-0.00023762786689689877,-0.0003169003831501102
2023-06-08,0.0,-0.0008977463927059778,0.0
2023-06-09,0.0022254066000653733,0.0021367170549356092,0.002414270973493909
2023-06-12,-0.0026108986524750553,-0.001837600528815686,-0.0012804784629425643
2023-06-13,-0.00044005342867076646,-0.0005327412214190869,-0.0010777507245199392
2023-06-14,0.001843136182137512,0.0005017693632889944,0.0010986023179913266
2023-06-15,-0.0003815144330273718,0.005233063658800733,0.0037048913770868453
2023-06-16,0.0,0.0017435668741542644,0.000843057918885582
2023-06-19,-0.0008648560087616142,1.2435672313649345e-05,-0.0005968472390224463
2023-06-20,-0.00022056908809976793,-0.0007191017322856518,-0.0007556892404816423
2023-06-21,-3.9650297318805116e-05,-0.0026525267516328134,-0.0010282975756733211
2023-06-22,-0.0007217275326027408,0.0004653770738246841,0.00010936009251946591
2023-06-23,-4.151677249539048e-05,0.0,-2.1429621705238056e-05
2023-06-26,-0.001776688935372189,-0.0015305335770936298,-0.0024201995866851185
2023-06-27,0.0021172107357113274,0.0010076195925287426,3.97955392184251e-05
2023-06-28,0.0003592042000301501,9.286187323675902e-05,-0.0008012605781463378
2023-06-29,0.0001732490889901488,0.0006694000480351636,9.739870274589358e-06
2023-06-30,-0.0026324576671225806,-0.002373767163668329,-0.002946118912754276
2023-07-03,0.002253237471291276,0.0015848735036943765,0.002253237471291276
2023-07-04,-0.0009399306954214418,-0.00019206920317637284,-0.0010148436127124893
2023-07-05,-0.004404225028035166,-0.0005807447768550456,-0.0002833436497501177
2023-07-06,0.0015243599640611368,8.622977803141962e-05,0.002784695675154925
2023-07-07,-0.0005249015079153318,-0.0014360312360981692,-0.0016985923927845736
2023-07-10,0.0007754625524581158,-0.00223191316580273,7.901543638539265e-05
2023-07-11,0.00010551326738004297,-0.0020508710724718715,0.0021421090751428677
2023-07-12,0.0,-0.0017456913656980731,0.0008275436218754226
2023-07-13,0.0002940027118200298,-0.005781261562479458,-0.002170762924305638
2023-07-14,0.0008192906790295228,-0.0015722284905198064,-0.0017009204822029443
2023-07-17,0.0011332934541963293,2.4993072149599994e-05,-7.101896099085199e-05
2023-07-18,-0.0005036894259407277,0.0,0.00033982598251482306
2023-07-19,-0.00013937048957980575,-0.0002136361666521581,-0.00013849885168069345
2023-07-20,-0.0005070145872578983,0.0,0.0004026546009443418
2023-07-21,0.00013038899983870965,0.0028619176105204145,0.0031757254689459224
2023-07-24,0.002539906356686017,-0.003076533662686179,0.0009513721895106496
2023-07-25,0.0009893305396748496,0.0024238725312350174,0.0
2023-07-26,0.0,0.001509869229445814,-0.0008079835413981225
2023-07-27,9.653881421172846e-05,0.001981119704030236,0.001430832164507086
2023-07-28,-1.0224610331656541e-05,-0.0008425870413481975,-0.00017297953690244652
2023-07-31,0.002757669254984896,0.0030133563345924215,0.002302688440941051
2023-08-01,0.0014569677435634432,-0.007708905644678654,-0.0009367289154602664
2023-08-02,-0.0013421508953796852,-0.0029314315499212357,0.0
2023-08-03,-0.001231006084286279,-0.0012696595158678563,-0.00027055746198269097
2023-08-04,-8.073734689937194e-05,0.0,0.0
2023-08-07,0.0,-0.00034793016328907045,-0.00031882750316982036
2023-08-08,-0.0023469626475119865,0.001127047323702471,-0.0006912475116829834
2023-08-09,-0.0010971035017555322,-0.001554493467537451,-0.0009456234808388446
2023-08-10,0.000489075284553398,-5.8025284546761744e-05,0.0005710025269248459
2023-08-11,-0.0002157094626671828,6.464154303566686e-05,0.00011118467919431365
2023-08-14,0.0009225839979992191,0.0001393365232598159,0.0
2023-08-15,-0.0010837252835107394,-0.0008435719099752994,0.0005044040496602236
2023-08-16,-0.00019326912842832303,0.0,-0.0011544165944458015
2023-08-17,-0.0003046588101580026,0.0,4.928565672884032e-05
2023-08-18,-0.0004166452087720182,0.0,0.0
2023-08-21,-7.361600288309756e-05,-0.000690737236431196,-1.593078852935601e-05
2023-08-22,1.910120359908993e-05,0.000807339296872566,0.0
2023-08-23,0.0,0.001019825940972354,5.711335602444683e-06
2023-08-24,-0.0019012110008384507,-0.001689344135598847,0.0050293252075794504
2023-08-25,-0.002125972880022032,0.003593557162732911,0.008819504831033031
2023-08-28,-0.0007156341667225504,-0.0012386296381201806,-0.001116581086241425
2023-08-29,1.3741992651763836e-05,-5.179224231035945e-05,0.0
2023-08-30,1.4534892600443665e-05,1.4534892600443665e-05,0.0
2023-08-31,0.0,2.5823539231215506e-05,0.0
2023-09-01,-0.0002160387856828786,0.00021784822717658628,0.0
2023-09-04,-0.000623459950278151,0.0,-0.003030193115226916
2023-09-05,0.004074118459550226,0.0011139711307699219,0.012403332412126595
2023-09-06,0.0,-0.001170213993372032,-0.0034444960395918554
2023-09-07,-0.0005141054517685605,0.001769283402953867,-0.00014304826100034032
2023-09-08,-9.023320854652756e-05,0.0005134808314248845,0.0
2023-09-11,-0.0006294205179781702,-0.00048293407499867423,-5.8622624904926534e-05
2023-09-12,0.00016147212147720033,0.0036500869662848545,0.007197533982383686
2023-09-13,0.0013382345165700782,0.0021970698803255003,-7.84432578056897e-05
2023-09-14,-0.00034820301346037935,-0.0001536981502077944,0.0
2023-09-15,0.00145770968978201,0.002428180007602771,0.0
2023-09-18,0.0,0.00014153544785396646,0.0
2023-09-19,-0.0003155336186331726,0.0,0.0
2023-09-20,0.00021367013208623733,0.0,0.0
2023-09-21,0.0007353391781545328,-1.226924969337984e-06,0.0
2023-09-22,-0.00046537684198853595,0.0,0.0
2023-09-25,0.0013295502388302645,0.0003276212248591139,0.0
2023-09-26,0.0006588574316132155,0.0,0.0
2023-09-27,-0.0005949106807686558,0.0,0.0
2023-09-28,0.001526141764629829,-1.8306921273103105e-06,0.0
2023-09-29,-0.0005922219935637254,0.0,0.0
2023-10-02,0.002024965482769161,0.003050003764114713,0.0
2023-10-03,0.00021063164592652933,0.0001464883179474242,0.0011137994258002802
2023-10-04,0.0002508365943094373,0.0,0.0
2023-10-05,0.0004784040721231559,0.0,-4.137849567570953e-06
2023-10-06,-0.0009241731708415372,-0.00189630424382242,-5.176663624886073e-07
2023-10-09,-0.00019471094515828067,-0.0012029024338525828,0.0
2023-10-10,-0.00018576374902792633,0.0017070840936675474,0.0010071453547632653
2023-10-11,4.766685713569871e-05,0.0,0.0
2023-10-12,-0.00010525533681132841,-0.0007107644060864249,0.0
2023-10-13,0.0010396872260954714,0.0007867647346308558,0.0
2023-10-16,-0.0009218724387871171,-0.004415753700932733,0.0
2023-10-17,0.0,0.010057561288490502,0.01652136950466966
2023-10-18,0.0007931428239679804,0.002994323716326137,-0.00024664605671713744
2023-10-19,-0.00014196262625135102,-0.00015718574666042897,0.0
2023-10-20,0.0,0.0,0.0
2023-10-23,0.0007274796367129942,0.0,0.0
2023-10-24,-0.004016976444379008,-0.0004787136920660854,0.0
2023-10-25,0.0035352582489442523,0.0015839792669742388,0.0
2023-10-26,-0.0008983981210699266,-0.0005004122638995325,0.0
2023-10-27,0.001228930388665951,0.00014193642676419365,7.02943916437692e-05
2023-10-30,0.00047549521143266824,0.0,0.0
2023-10-31,0.0003596882423557851,0.020505715285324282,0.021584168751719708
2023-11-01,-2.7546276569820387e-05,0.0018242755598268522,0.0002217839808918264
2023-11-02,-0.00013362341473375987,7.494818721923115e-05,1.6651258917040166e-05
2023-11-03,0.00013144790185039154,0.0,0.0
2023-11-06,-0.006906953692106594,-0.0018414721388757018,-0.0017348189955189689
2023-11-07,-0.005544426904136676,-0.003959392870434259,-0.004137230001840511
2023-11-08,0.0027027889596401666,0.0007054996701796581,0.0017072746383528165
2023-11-09,-0.0002233249570261814,-2.4111797349132297e-05,0.0006737113678025958
2023-11-10,-0.0002157814152358202,-3.8076797734452456e-05,-9.09602854105419e-05
2023-11-13,-0.00039875703544843826,-1.040355125136037e-05,-0.00011006757817656808
2023-11-14,-0.000382924719386649,0.011120026826121891,0.0037336102526259055
2023-11-15,-0.0009775017483930567,-0.0014981268228786294,-0.0007836413975772511
2023-11-16,0.001432155939204011,-0.00028883945840993993,-0.0006157610742470841
2023-11-17,-0.0010587816931700888,0.0006071640524171381,0.0
2023-11-20,0.0008435777986374473,-0.0006947634580221683,0.00012242323366531884
2023-11-21,-0.00016495315880087416,-2.04449801281742e-05,-0.0005668626576258047
2023-11-22,-0.0006247352334169849,0.0002219499077191579,-0.001670969779650834
2023-11-23,0.0011802834092025912,0.0023296352989965593,0.0016452739764631218
2023-11-24,0.0003514792772554121,-0.0007035859681027065,-0.0017492013837966123
2023-11-27,0.0003577304430005393,0.000583862919109657,0.0009163272204723316
2023-11-28,0.004171042254942742,0.0001392437363580274,0.003604003533995878
2023-11-29,0.005578842094714284,0.0006051003904944121,0.0013973615998797801
2023-11-30,-0.00041635452339561886,-0.0017255540194071608,0.0
2023-12-01,0.0,0.002566590746532946,-0.00019127378729134588
2023-12-04,-0.00037344820401365083,0.0037455964067490133,-0.0004093379483366651
2023-12-05,0.00048162412884856587,0.002334890056566223,0.00035738272562540617
2023-12-06,-0.00014007774423841477,-0.0011818008215739558,0.0
2023-12-07,0.0,0.00010329582689089126,-0.00040666784052934246
2023-12-08,3.326263824241658e-05,0.0,0.0
2023-12-11,0.0,-0.0010862228282715965,-0.0009159968406311269
2023-12-12,-4.775462361928999e-06,0.0004715271574949778,0.0008857129093672265
2023-12-13,-4.908515083686717e-05,-8.516193529192379e-05,-0.0006569041296902165
2023-12-14,-5.7170180622138526e-05,0.0020600884031858188,-0.0012698420847785498
2023-12-15,0.002412695323592725,-0.001601317405458734,0.0033526504754137604
2023-12-18,0.0049274641790696995,-0.0003080518116696536,0.0041718314499749895
2023-12-19,0.006044789247613337,0.0,0.01087849284807751
2023-12-20,0.0008737582935213377,0.0023194020999843944,-0.0008360694398008919
2023-12-21,0.0003232483928956891,0.001706944943287864,0.0
2023-12-22,-0.00016737000096985507,-0.00030925331593176036,-0.0009768438238166631
2023-12-25,-6.450852055753707e-05,0.00031185060593425136,0.00033346156674809454
2023-12-26,0.000409062779105353,0.002236044492992864,0.003394846123087743
2023-12-27,0.00014110100990682927,-0.00030755096651655935,-0.0001551701347510359
2023-12-28,-0.00043946404836828375,0.0,-0.0001442163791013132
2023-12-29,5.9761341443715904e-05,4.2425392191268944e-05,0.0002315548103211118
2024-01-01,-0.00035429352432037145,0.0038086497707362534,0.01022422242319264
2024-01-02,0.0,0.0002891991445947598,0.00013047309671613294
2024-01-03,9.486374735946304e-05,0.0,0.0
2024-01-04,-0.0032230925182027185,0.00020352076003872518,-6.145085469638637e-05
2024-01-05,-0.00012802234426759015,-0.0008877513936837015,1.1833006659910687e-05
2024-01-08,0.0,-0.0002066780551032736,0.0
2024-01-09,-0.0014664961957943324,0.0,-1.3593284198249119e-05
2024-01-10,0.00700826107944777,0.0,0.000264566875741398
2024-01-11,-0.0011669430804092328,0.0002987857388926616,-0.00015971284262620382
2024-01-12,0.0005933604151763703,0.00028504297946595994,0.0009820938899114337
2024-01-15,0.003282282067030342,-4.212974189259009e-05,-4.212974189259009e-05
2024-01-16,-0.001554271133696163,0.0,0.00013918093999983408
2024-01-17,-0.000966808653690764,-0.00013537549459435418,-0.00029563506197684383
2024-01-18,-0.0008850885647357148,-0.002628728406215146,-0.0034135927138779303
2024-01-19,-0.0006085945711518325,0.00035464109140223885,0.0002751081646100417
2024-01-22,0.0011286121271388222,0.0,-0.0001549746394365365
2024-01-23,8.375396375809432e-05,-0.0017366031711247797,-1.193640936182329e-05
2024-01-24,0.00015055850239398464,0.016363925532473126,0.0025547568329705142
2024-01-25,-0.00012351535054289466,0.0009001216221495184,0.0015562042730100205
2024-01-26,8.823175053761169e-05,0.0,0.0012253261156488515
2024-01-29,-7.199774804438556e-05,0.0,-7.227791767153787e-05
2024-01-30,7.480428997814361e-05,0.00010702709536410194,0.0
2024-01-31,7.191158375814322e-05,-0.0008720416113957184,-0.0011223283237719525
2024-02-01,0.0010073085751216592,0.0005594957934545826,0.0026059251157281873
2024-02-02,0.00017428821191715026,-0.0003621416348652572,0.0002636331614246866
2024-02-05,0.0006547267874762213,0.0006738490343234293,0.000668673336405359
2024-02-06,-0.0010396226877329258,0.0004015815046687888,0.000429249193670085
2024-02-07,0.001435080838587532,-0.000427041468928624,-0.0014365851031960092
2024-02-08,0.00074354410253644,5.552200207407704e-05,0.0003089114701439053
2024-02-09,0.001983193005670969,-0.0010840832963339305,0.0010697352620934694
2024-02-12,0.0008807743525891742,-0.0004964408371243934,0.0007358593300572068
2024-02-13,0.00012647716427863743,0.00035448863354353987,-0.0008027438922232601
2024-02-14,0.0006528242805480656,9.664109997078432e-05,0.00034302304436346226
2024-02-15,0.0019086578907477063,0.0038221341514622404,0.006945212900634716
2024-02-16,0.000655842489806441,0.0005934054400636439,0.003379828944905283
2024-02-19,-0.00014449760008845543,0.000301019297520962,-0.0013075231300218068
2024-02-20,-0.0002685087103438752,0.0,0.002449999022476978
2024-02-21,6.138086126418342e-05,-2.5072860716709582e-05,0.00029688650894841033
2024-02-22,0.0,3.260304401262948e-06,2.026857138172441e-05
2024-02-23,-0.00011902273934353362,-0.00014306229574575255,-0.00011902273934353362
2024-02-26,-0.0007698182646953694,0.0,-0.0001829414563817508
2024-02-27,0.0006030766020653173,0.000464870687287264,-7.309173688336865e-05
2024-02-28,0.00020638735520876468,0.0,0.00012639630981167214
2024-02-29,0.0,-0.0005954617952406007,0.0
2024-03-01,1.8940498917956318e-05,-0.0007430013450280975,1.8940498917956318e-05
2024-03-04,0.00018022941915108923,-0.00042484751662499485,0.00016962407930602697
2024-03-05,-0.0001848076231351251,-1.1068654634762884e-05,-0.00013729810647917026
2024-03-06,8.111530935673712e-06,0.0001981888983555935,3.470335966284388e-05
2024-03-07,0.00030508502936343125,-0.00012075539191937585,0.0008201546963001207
2024-03-08,-0.00016405672763739417,-0.00030453495630979727,-0.0005862814065030651
2024-03-11,-0.0019971411374019084,-0.0007356003378126084,-0.0009424119229525481
2024-03-12,0.00031749901560727757,0.0,8.187649647232904e-05
2024-03-13,-0.00014246522531411604,0.00019842785179235867,0.0004708783802157132
2024-03-14,-0.00025697239621957235,-9.08932396049229e-05,0.0
2024-03-15,-0.0003335227219310892,-0.0003013901975240258,-0.00039408885345757014
2024-03-18,-0.0011365922797156307,-0.000787493688436185,-0.0024345848276833377
2024-03-19,-0.002809919242939121,-0.0019326501191098897,-0.001497980568388601
2024-03-20,0.0006327542180241389,0.00036736418266916816,-0.00016742521715879894
2024-03-21,-0.00023620456818661248,-0.00015089174850680008,-0.0008493235130301107
2024-03-22,0.0004022350547033251,0.00039028917922492786,0.0005252074230820045
2024-03-25,-0.00047746905813858694,-0.00014337020763884137,-0.0004362640079276346
2024-03-26,-0.0005437012827829327,0.0003617328106312411,-0.0007920454306938841
2024-03-27,0.0003547875721119511,0.002971374860374143,0.0017063635788659751
2024-03-28,-0.00039537753923428454,-0.0011992590817341366,-0.0007985936470024836
2024-03-29,0.00033596281867947115,0.00015355987203447615,3.119457143584763e-05
2024-04-01,-0.00022400547469606403,-5.405615483588396e-05,0.0
2024-04-02,0.0010776291483841566,0.0009214508103329269,0.0008500646465688569
2024-04-03,0.0019452616770383219,0.001696799418243318,0.0027095401355642
2024-04-04,-0.0006394154931042718,-0.001044289060741481,-0.0016663332510020203
2024-04-05,0.0001724021394432921,0.0017833168556911133,0.001328934111740212
2024-04-08,0.0005444097623043959,-7.723103653421465e-05,0.0001940084896072304
2024-04-09,0.0006514825226696652,1.3574240184886397e-05,0.00047923252007142257
2024-04-10,0.0013002466626590083,-0.00023675627030606388,0.0003111158667714461
2024-04-11,0.0021287125760174755,0.005910885615946902,0.005910885615946902
2024-04-12,2.4445241580276075e-05,-0.0005699048517725017,-0.0015913733226232377
2024-04-15,0.0005867882476495974,0.0,0.0
2024-04-16,-0.001060267174873701,-0.0012039468477067902,-0.002515451168496295
2024-04-17,8.597298883505908e-05,0.0006300933911892149,-0.000672417148749602
2024-04-18,-0.00023343689699902048,0.0003997806912587515,0.00031865629905865334
2024-04-19,-0.0003838682687518267,0.0,0.000812339252290734
2024-04-22,-0.001349534330342646,-0.00034857137060161146,-0.0010345247814941686
2024-04-23,0.0006465485123451809,0.0,0.001483182862387148
2024-04-24,0.0005360474324951642,0.0,0.000300269505763484
2024-04-25,0.0009420133657727862,0.0004936756878282877,0.0035107273461956793
2024-04-26,0.0004094526838872932,0.00027199666386982905,0.001092526383250394
2024-04-29,3.625150401065629e-05,0.0,0.0006295724323662113
2024-04-30,-0.000442893273312491,0.0005643687496992531,2.59847162473583e-05
2024-05-01,0.0008788299494247682,0.00039660076715307706,0.0017464491692529929
2024-05-02,0.0013462396205590845,-4.2682341924972537e-05,0.004330590020155151
2024-05-03,-0.003010204932897702,-0.0006500926797853047,-0.005918409429061404
2024-05-06,-0.0029041775531553986,-0.001670868606776746,-0.004603642043293289
2024-05-07,-0.0009238413583702478,-0.001596773259216268,0.00039828994670083624
2024-05-08,0.0,0.00030167365191998417,0.0
2024-05-09,-0.00046887319012186375,-0.0013751139492357708,-0.00033242240903885376
2024-05-10,-0.00047353556361788107,-0.00036646863504525347,2.71009254418904e-05
2024-05-13,-7.212919567189629e-05,-0.0006381257583229806,-9.259397293365412e-05
2024-05-14,6.708335229953946e-05,0.0004249168432071978,0.00013052759928216097
2024-05-15,8.140484270931738e-05,3.409751193942916e-05,-0.00029826537642276934
2024-05-16,-1.090179351902666e-05,-0.0002122436172088112,-0.00022338685646904586
2024-05-17,0.00129705900737387,0.001565073422434272,0.0011464225765701725
2024-05-20,0.0013335077530814473,-0.00018614807417955653,0.00045723670062011495
2024-05-21,-0.001194470907891931,-1.3963715626818934e-05,-0.0008945884426632441
2024-05-22,-0.0003214957641628185,-4.265928218823147e-06,-0.00022826966766036435
2024-05-23,0.0,0.000901391174827881,0.0
2024-05-24,0.00028449896646024603,0.0,0.0
2024-05-27,0.0001714471852623337,0.0,0.0
2024-05-28,0.0,0.0,0.0
2024-05-29,0.000628764863591993,0.0015625955495170666,0.0011404863092970626
2024-05-30,-5.799013091858218e-07,-0.003627724816070697,-0.0024755508868799844
2024-05-31,-3.584324072991146e-05,-0.000299514770900082,-0.0022803740365088627
2024-06-03,-0.00039231196880029195,0.0004438194206597562,-0.001479042918981252
2024-06-04,0.0009171702124548706,0.0012876560529742863,0.0015977640678886283
2024-06-05,0.0005426889894800559,-0.0022945538569356634,0.0006101182283047651
2024-06-06,0.00040331863351068223,9.831572448012633e-05,0.0
2024-06-07,0.00010412070395570535,-0.0001203958587422339,-0.00030391157879784025
2024-06-10,0.0009370082570078421,-1.5744896859879831e-06,7.845096831079812e-05
2024-06-11,0.0006912421733246516,0.0014868002255825563,0.001590719942724111
2024-06-12,0.00038156711191183947,-4.738411098662496e-05,0.00036182087696970855
2024-06-13,0.0002961805210350542,0.0,0.0001764858912630416
2024-06-14,0.00016649267695117713,0.0008100079449650322,0.00021446419189483069
2024-06-17,0.0003798423842244817,-5.601311865550657e-05,9.401504911967293e-05
2024-06-18,0.0003204148594788327,1.0333568276340169e-05,0.0003166872678389397
2024-06-19,-0.00010302114862340938,8.534698426651574e-05,-5.9612812926018274e-05
2024-06-20,0.00015390742241073072,-4.176377518795593e-06,0.00011477250561887117
2024-06-21,-0.0003088655916619547,4.981941804478056e-05,-0.0003088655916619547
2024-06-24,0.0019996607557727416,-7.694102415320454e-06,0.0021166672945210916
2024-06-25,0.00014024872409982702,0.0,0.00014024872409982702
2024-06-26,0.0,-6.703776152874684e-06,0.0
2024-06-27,0.0004163921485294408,-0.0009305028926065467,-0.0009305028926065467
2024-06-28,-0.00010398449461078572,0.0003021849060617051,0.00020113092587840692
2024-07-01,-0.0012706827267567342,-0.00013843048035608871,-0.0013258934394706709
2024-07-02,0.0008228400187149388,0.0003737599211327078,0.0008730135032229627
2024-07-03,-6.242804383606572e-05,0.0,-6.242804383606572e-05
2024-07-04,-0.0005070849249817505,-8.177459230742505e-05,6.018452643529631e-07
2024-07-05,0.0009965117894203195,2.4957218760232468e-05,0.0009679870807095274
2024-07-08,-0.00037696356848536616,-0.0016848647381216132,-0.0015892286425944412
2024-07-09,0.0001932470575542103,0.0013115888198498033,0.0011380946248850028
2024-07-10,0.0005031057586526808,-0.00015867677206025935,0.00034442898659242145
2024-07-11,0.00028083685350987163,-4.5043449190991764e-05,5.017246130402609e-05
2024-07-12,-0.0010565324130022776,0.0009885704404258803,0.0005190671253628306
2024-07-15,-8.750863015196482e-05,0.0013449841895755838,0.0024087343519010695
2024-07-16,8.419426501771471e-06,-6.5459600941466e-05,-0.0015407412825322248
2024-07-17,0.0001834619995914146,0.000277615829719123,0.000384190526569101
2024-07-18,0.0,0.0,0.0
2024-07-19,0.0,0.001274736909147067,0.00029589170595781554
2024-07-22,-0.0003357034900704702,-0.0011916783987859746,-5.589525379589315e-05
2024-07-23,-6.879542378182172e-05,-0.0003699548512219798,6.190354898389223e-05
2024-07-24,-7.177950105569065e-06,-0.00011017017404049592,-6.929296794424808e-05
2024-07-25,2.7051214466333807e-05,7.945888400321449e-05,-0.0005429563150932529
2024-07-26,0.0,-0.001259967135158659,-0.0001614337374678901
2024-07-29,0.0014033281695132844,0.000486854879422538,0.0017608497361575898
2024-07-30,-0.001284839090628831,-0.0006638827429675776,-0.0008635169918636814
2024-07-31,0.00035629184128670215,0.000297468807706292,0.00030251955597161413
2024-08-01,0.0016407732266061027,-0.002606162920561703,0.001441239503287011
2024-08-02,0.00032147998248818115,0.0014664334654802018,-0.0013540204915537936
2024-08-05,-0.001919101042925095,0.0003630725483072725,-0.002049258514751247
2024-08-06,0.0008372891622715254,-0.0018064702713704141,0.0034028660755752063
2024-08-07,-0.0006238281070172401,0.00048801564552620634,0.000983283789406604
2024-08-08,0.001036273563138678,-0.002012152454203938,0.0
2024-08-09,-0.004914834214809509,-0.0020314087905133984,-0.005668347811482224
2024-08-12,0.0028164280819679074,0.0,0.00226100576678593
2024-08-13,0.003296450846772758,0.0,0.004932044151884384
2024-08-14,0.0038832631973077457,8.298991291642997e-05,0.0038534230656784092
2024-08-15,0.003078834940853331,0.0,0.002870493770120104
2024-08-16,0.0027502483629404345,-0.001083803347703759,0.009738571693713798
2024-08-19,-5.218849028660786e-05,0.0004905343339978204,0.004925590997244839
2024-08-20,-0.0030446256278239482,-0.0035033221462884775,-0.00327328511716167
2024-08-21,-0.000476411133737287,-1.1186798110606508e-05,-0.00035524861185522367
2024-08-22,0.0,-3.027785792925812e-05,0.0
2024-08-23,0.000949027766649868,0.0,0.00410297491986878
2024-08-26,-0.000699255071189098,0.0008067626256161111,0.0040819199328722185
2024-08-27,0.00019798736656848883,0.0009042666362515791,0.0005628049319913108
2024-08-28,0.0,6.479486090049384e-05,5.439367305385363e-05
2024-08-29,0.00027537546541227655,0.0,0.0
2024-08-30,0.0008813857756277359,-0.0002285691510073817,0.0018855139903474008
2024-09-02,0.00010550862873053523,-0.0005539336945496091,0.00037916729707951043
2024-09-03,0.0,9.225861966484987e-05,0.0005543042441663569
2024-09-04,0.0,0.0009166957729280889,0.0
2024-09-05,9.518691444836865e-06,0.00028482450778445124,0.0
2024-09-06,0.00036554427970286795,0.000630369784587888,0.0
2024-09-09,-0.00028321854178640124,-0.0008066891454402363,-2.9128935493217718e-05
2024-09-10,-0.00033781103405614813,8.385111992596854e-05,0.0
2024-09-11,0.0002776532985445726,-0.00020045188628488455,0.0
2024-09-12,0.0,0.0,0.0
2024-09-13,0.0007750553101584707,0.000274139223871553,0.0
2024-09-16,0.000593990111409654,0.00035022721200686426,0.001073009700918846
2024-09-17,-0.0016586872904042105,-3.819618699837273e-05,-0.0012214412644479817
2024-09-18,0.001284517151799217,0.0009639195381677638,0.00015939289255900615
2024-09-19,0.0011082695029748888,0.00011706137811730884,0.0
2024-09-20,-0.00149449720983113,3.0835509057324355e-05,-0.0008926763021904782
2024-09-23,-0.0003420416553114843,-0.0015163565730294912,0.0
2024-09-24,5.6709783167469165e-05,-0.00028608585559860086,0.0016718341073387077
2024-09-25,-0.0002795126904358012,0.0,-0.0002904044709322076
2024-09-26,0.00014066236518941647,0.0018982798035577662,0.002778757440841932
2024-09-27,0.004971686363999353,0.004506907033174046,0.00652409149152869
2024-09-30,-0.002344758881866075,-0.0010376629595252225,0.0033192733558193624
2024-10-01,0.0018202554074954861,0.0,0.0001524512133735208
2024-10-02,-0.0006646383607101115,-0.00017789147016309908,0.0
2024-10-03,0.00027155745153669927,-0.0016187437286515974,-7.394988986116654e-05
2024-10-04,0.0,-0.0007292268991021763,0.0
2024-10-07,-0.00047298706503851387,0.0010854091841575588,-0.007804281089062458
2024-10-08,0.0009306308514046887,0.0022411804058638015,0.006898599078344484
2024-10-09,0.0005282862572324943,-0.0004618186034423942,0.0005494056912685474
2024-10-10,-1.3818057889642748e-05,0.0043412163004775345,0.0
2024-10-11,0.0,0.0004169490968856809,0.0
2024-10-14,-8.792401616179686e-05,-7.022294195131452e-05,0.0
2024-10-15,0.0,4.367360559580741e-05,1.972674353305593e-05
2024-10-16,-0.001775807194193008,0.0,0.0
2024-10-17,-0.00016029019163975395,-0.00013510994096605647,0.0
2024-10-18,0.001071833878358113,0.0013210471039342413,-6.85796055015432e-05
2024-10-21,-4.925987259634624e-05,0.00010613097128710623,2.405149620490061e-06
2024-10-22,0.0,0.0003781936915215138,0.0
2024-10-23,-0.00021386585179492828,0.0,0.0
2024-10-24,2.4469602125952538e-05,0.0,0.0
2024-10-25,0.00032847007161443636,-8.26727270838871e-06,0.0
2024-10-28,-2.33307318199665e-05,0.0,0.0
2024-10-29,0.0016182600641141836,0.0,0.0006462715099646086
2024-10-30,0.0007655711888658229,-0.0004734955250970452,0.00036074880293929555
2024-10-31,0.0010789229656172788,9.911136346578383e-05,0.0
2024-11-01,-0.00013335153185064678,-0.0027445983845391167,0.0002448215873789305
2024-11-04,0.0019295322169374856,0.001690729598917748,0.0009609937730640732
2024-11-05,0.0008039367809182937,0.0012788281631316725,-2.4436427841770673e-05
2024-11-06,0.00455478468300659,0.0017565367315508793,0.0028211225908181827
2024-11-07,-0.0014113711565909557,-0.0027930664443085495,0.005025468087168279
2024-11-08,0.0014484662098410075,0.008763145070037927,0.005038263317415918
2024-11-11,0.008484129047316264,0.006974460925166381,0.004978611834547149
2024-11-12,0.000769356565331263,-0.000861338601308435,-0.0029991188611208953
2024-11-13,0.00015164524658177779,-0.00040555447110774025,0.0001471201503595632
2024-11-14,0.00034027891415686496,0.0,-6.5601682564678895e-06
2024-11-15,-0.000850002762870469,0.00010011577856953527,0.0
2024-11-18,-0.00010221827295681698,0.00038529314404827714,0.0006752450222534569
2024-11-19,9.603341883134675e-05,-0.0005743134585739443,-0.00010385662690543524
2024-11-20,0.00020886202271959151,8.781195344204187e-05,0.0
2024-11-21,6.051890140061026e-05,0.0007772069912803404,0.0017203425073876763
2024-11-22,0.0,-0.00035486224020858025,-0.00022460647893181388
2024-11-25,1.9800574565665286e-05,6.348301385415498e-05,0.0
2024-11-26,0.000191334606794319,0.0,0.0
2024-11-27,0.0005887852212303635,0.00026236445347177604,0.003022695625311483
2024-11-28,1.870223115886317e-06,0.0,-0.0005456729771171675
2024-11-29,-0.000124170770303897,0.0001841685915528829,-7.134163065136995e-05
2024-12-02,-0.00014663190709257563,-0.00031373162244798853,6.7522611228363094e-06
2024-12-03,0.0009165807653806697,0.00029905489817662757,0.0
2024-12-04,0.0006281565668874887,-0.0002859744878908678,0.001395763953771943
2024-12-05,-0.0011586543893912463,-0.0010687608543066493,-0.0021471105706217467
2024-12-06,0.0003351693501502774,0.00015247249327963574,0.0004708626879661587
2024-12-09,0.004554705566880467,0.0034061156395334617,0.0
2024-12-10,-0.0010735646040791267,-0.00012136426468033163,0.0
2024-12-11,-0.0007068485242649185,0.00021052681557077535,0.00021052681557077535
2024-12-12,-0.00011088194685500152,0.0013426816499184035,0.0014309420979636
2024-12-13,-0.00047710435759341035,-6.672585819474356e-05,-1.0545599603080708e-05
2024-12-16,-0.0016605843508566414,-2.140756182849587e-05,0.0
2024-12-17,0.0018320591531129483,0.000117300762072496,0.000117300762072496
2024-12-18,-0.0009949833993133535,0.00010481733599485536,0.0001527601279493882
2024-12-19,0.0002443629756608255,0.0,0.0
2024-12-20,-0.00034070149259677587,0.0005062239685460561,0.002607561730512499
2024-12-23,0.005560494947576397,0.002391407866140191,0.0003433826044985217
2024-12-24,0.0012655950683996098,0.00023761670658578994,0.0
2024-12-25,0.0007261381647845239,0.00014637330738770903,0.0
2024-12-26,-0.00040666053714905867,0.0036162030430648257,0.0
2024-12-27,-0.0001799479512691024,1.8074969971035197e-05,-5.451419287611937e-05
2024-12-30,0.00036907492941999425,-0.00016781415241331647,0.0
2024-12-31,0.0005480663644434555,0.0002530226405102144,0.0007900810189773866
2025-01-02,0.00017330603904143555,0.0008142456540290235,0.00013055060136094558
2025-01-03,0.0,0.0,0.0
2025-01-06,-0.0003339809958975965,-0.0006801741296366804,-3.0344513933199884e-05
2025-01-07,0.0006287191972169644,-0.0017308489033693653,0.00034099625357805047
2025-01-08,-0.0005133669679280001,-0.0019755577990403523,-0.00101252810303719
2025-01-09,0.0001483159919653742,0.0016900838879217131,0.0005954427637280438
2025-01-10,-0.00016552096734020322,0.0010252141122677934,0.002763401199437489
2025-01-13,0.0016893217563507443,0.0,0.00552142477754263
2025-01-14,0.001248498536352493,0.005869251999145258,0.0008085405425526518
2025-01-15,0.0013963715380075686,0.0004570530313575542,-0.0001379579088485497
2025-01-16,0.0013729993603528304,1.190773042457602e-05,-0.00272707070595837
2025-01-17,0.004075630415676605,0.0036774819888474755,0.0014024471455664777
2025-01-20,-0.0002889949388582264,-0.00113045118646878,0.0
2025-01-21,0.00028240082597780236,0.000438987685905199,0.00011341716047161023
2025-01-22,0.00224402193474255,-0.0005426092055530389,0.008141456456005454
2025-01-23,0.002152648000651784,-5.1858886584251215e-05,0.00024380859768619284
2025-01-24,0.0003542048221776836,0.0,0.0
2025-01-27,-0.0010482401987672216,0.0027518819127824606,-0.00027419244104008426
2025-01-28,-0.0031644931151269735,-0.0008050866991997435,-0.0018674672196759927
2025-01-29,0.006550904376255561,0.0001000027175263358,0.0007179594261206403
2025-01-30,-0.0014726794060058472,-0.0005271995460139897,0.0
2025-01-31,0.0017025419713262123,0.0012701204598432724,0.002360182142726988
2025-02-03,0.0032587846502618104,0.0007215216196256209,0.003969301861508297
2025-02-04,0.0022901685666534576,0.00010309134343346504,0.004422375812778448
2025-02-05,0.0006248476507011886,-0.0002002774945592063,0.0012584125050581242
2025-02-06,0.0,-2.7548276931796174e-05,-2.7548276931796174e-05
2025-02-07,0.0,-0.001724563181983884,0.0
2025-02-10,0.00045477958727032915,4.769316301788666e-05,0.0
2025-02-11,0.0,0.0,0.0
2025-02-12,0.00029085230092720956,2.7055000368693035e-06,0.0
2025-02-13,0.00023031902111208028,0.0,0.0
2025-02-14,0.0006697940891018787,0.0,0.0
2025-02-17,0.00012162851996680272,0.00013886889502807422,0.0011105775063617533
2025-02-18,0.0,0.0003552498607026717,0.0
2025-02-19,0.0001833320932998638,6.977676061529021e-05,0.0
2025-02-20,5.0719672944188214e-05,0.0,0.0
2025-02-21,0.00014408190521560544,0.0,0.0
2025-02-24,0.0,-1.3329173347591009e-05,1.2597618284919002e-05
2025-02-25,0.0,0.0,0.00014558020595096825
2025-02-26,0.001257597408186113,0.0007889142968858701,0.0009016467451777239
2025-02-27,-0.00011741392830489278,0.0005699945183429325,0.0006510918276867236
2025-02-28,-0.000893493436932486,3.227604814930631e-06,3.227604814930631e-06
2025-03-03,-0.004365245088566346,8.155668251660964e-05,-1.6005093096796656e-05
2025-03-04,-0.0006678078795049755,0.0,0.0
2025-03-05,7.472765109806231e-05,0.0,0.0
2025-03-06,-0.0009209783839775272,-0.0006293156406172652,1.630804679998327e-05
2025-03-07,0.000161398334758052,0.0005511158005503393,-0.0008075043039759966
2025-03-10,0.0,0.0,6.669696343763189e-05
2025-03-11,-0.0006914870862365038,0.0005133948865017354,0.0
2025-03-12,0.001463428102392922,0.0004824373696907413,0.0
2025-03-13,-0.0004958281360342877,0.00042056101472556383,-3.166953812936451e-05
2025-03-14,-8.685945165764737e-05,-2.6818093559826522e-05,0.0
2025-03-17,1.937859452327561e-05,0.0001570559087327514,9.524911693121372e-05
2025-03-18,0.0003331392884010076,-0.0005600278794535724,0.001175829922263654
2025-03-19,0.0022231632529231154,0.0010789708645784011,-0.00014058787222861563
2025-03-20,0.001987807131748797,0.0,0.0
2025-03-21,0.0070349998230391205,0.0031329966890172737,-9.04574035117977e-05
2025-03-24,0.00032767124615085347,0.0003566573019919408,-0.0007242598300823565
2025-03-25,0.0002895494812426837,2.638947683082159e-06,0.0002897061309786043
2025-03-26,-0.0005957769393236085,0.0,0.0
2025-03-27,0.0003191278730496434,0.00029012048675953453,0.0
2025-03-28,0.00025879635984804345,0.0002576543126159525,0.00012892064938519452
2025-03-31,0.0002788012513752734,0.0007540592820172447,-0.0009081253690935371
2025-04-01,-0.0005355568175585318,-0.0007169858473203691,-0.0010393364471535768
2025-04-02,0.0,0.0,0.00014435102887398345
2025-04-03,0.0003948304914335625,0.0004234516295898528,0.003315361884056587
2025-04-04,0.0008981253874558536,0.0033260280837809336,0.004900290219086473
2025-04-07,-0.003974167362646984,0.002994862572836479,0.00217847709352946
2025-04-08,-0.0030572455237477467,0.0019167853189521185,0.00284275645152264
2025-04-09,-0.0007936385827938417,0.0034572930814944693,0.0043498640756940935
2025-04-10,0.01921077980258787,0.012346926166980058,0.013873991456225981
2025-04-11,0.006250077336436142,0.008402606347696146,0.01022780835999701
2025-04-14,0.0010391328802152632,0.011848950468646313,0.01151627792989318
2025-04-15,-0.0003051303156834252,3.4472900616089102e-06,0.0006658027665094897
2025-04-16,-0.002419611933697073,0.0,0.0
2025-04-17,0.0021210847221351265,0.0008904577522489489,0.0010477841149966632
2025-04-22,0.001003838447323168,2.9645737921288014e-05,9.586081046276972e-05
2025-04-23,-0.0002592414454500242,-4.485161285886852e-05,-0.00028455119304353403
2025-04-24,-0.0008833496724892666,0.0001415818532035391,0.0
2025-04-25,4.737061834390966e-05,0.0,0.0
2025-04-28,-0.00041635842111474065,0.0,0.0
2025-04-29,0.0014990246334191171,6.27614113389913e-05,0.0
2025-04-30,0.00025217622059411026,0.0,0.0
2025-05-01,0.0,0.0,-0.00029085291203593893
2025-05-02,-0.0009002713827905852,0.0012113840978498153,0.0010975579108909008
2025-05-05,-0.0003832544282752165,0.0029823107613867607,0.0
2025-05-06,-0.010332259694897357,-0.04035034848223002,-0.017246696876594633
2025-05-07,0.008380189307568809,0.009738960947821252,0.0014245827642770086
2025-05-08,0.0011693311687401339,-0.004358924382066784,0.0
2025-05-09,-0.0003444069950329004,-0.000991742218687545,-0.0004721680434388235
2025-05-12,0.0006353771470959609,0.00017726932130710188,0.0
2025-05-13,0.00028983296373215567,0.0005996495345977858,0.0
2025-05-14,0.0011967882865527117,0.0007200036302806548,-0.0010671111181820487
2025-05-15,-3.980039965110864e-05,-0.00022765712042535733,0.0006232968328574853
2025-05-16,-0.00047310535263998354,-0.00029994505342875093,-0.0009017891698119523
2025-05-19,-0.00036746201400607504,3.549180023776192e-05,2.102009447634997e-05
2025-05-20,0.0,0.0,0.0
2025-05-21,0.00021680890126798304,-2.3276329403952356e-05,0.00021680890126798304
2025-05-22,-9.474360639287672e-05,0.0006902873773900464,0.0019310631839130773
2025-05-23,0.0011072652381644492,5.994137963649685e-06,0.002605643239395531
2025-05-26,-0.0004466365964141852,0.0,0.0004558559582101674
2025-05-27,0.0005179765496749734,-7.70146293306814e-05,0.0008072259643923752
2025-05-28,0.0,0.0,-0.0001537978546269993
2025-05-29,-0.002108071328174818,0.0,0.0
2025-05-30,0.0017152833028997473,4.053918861905335e-05,0.0
2025-06-02,-0.0003390237070570899,0.00010669784812183685,-0.0007788570760426969
2025-06-03,0.00019271364686332073,0.0,3.5784911415071745e-05
2025-06-04,0.0015547173487629404,0.00015612442049355252,0.00017150469451863027
2025-06-05,0.0016530105817812038,0.0,0.0
2025-06-06,-0.0006131384524775743,0.0,-0.0038246192588679007
2025-06-09,-0.0006814378131129379,0.0011740030976853373,0.00023228253720457276
2025-06-10,0.0006217403896891973,0.000141298004337282,0.0004987002113569344
2025-06-11,0.0,0.0,0.0
2025-06-12,-0.001314188176954868,2.6904193131210215e-05,-0.0038720187999805177
2025-06-13,0.0002818359721082148,-0.0001801071935555403,0.002784053369431467
2025-06-16,0.00035815895335624597,0.0011066870755881881,0.0039007115971174022
2025-06-17,-0.004013805437276067,-0.0014547828159297183,-4.062574818007765e-05
2025-06-18,0.0013084568369988682,-0.000417994270117113,0.0032113197855900806
2025-06-19,-0.0004368786379165111,0.0,0.007245172381628718
2025-06-20,0.0001273618565995787,0.0011611041715967629,0.0022228010797477804
2025-06-23,0.0004770570722293869,0.0,0.001090774146445733
2025-06-24,0.0001699973462264366,7.51989676360768e-05,-0.0002893095580137944
2025-06-25,-0.0007551035110892766,-2.309097229372256e-05,-0.0003775964368654341
2025-06-26,-0.00012972450417178056,0.0003825978122971635,0.0008532700303016496
2025-06-27,-0.0019324218226354996,0.0003038531486588397,0.0006763873008418712
2025-06-30,0.0006806880760343191,0.0007200661533737283,1.5824721794737867e-05
2025-07-01,-0.0004435574638424901,0.000643100066376129,0.007301261675530248
2025-07-02,0.0012681559737587932,0.0001989732376709882,0.00489174617221849
2025-07-03,-9.199275859343221e-05,0.0,0.0009534540289187466
2025-07-04,0.0005677449504069305,0.00010529344416754217,0.00012600919988978886
2025-07-07,0.0008481038266099828,0.0,0.0
2025-07-08,0.0,0.0,-9.55761938957171e-05
2025-07-09,-0.0020969338360855815,0.0010809148285652874,0.0021369368454924554
2025-07-10,0.0010216117459071815,0.0,0.0006356512782432807
2025-07-11,0.00015077168409380202,5.152819318963253e-05,0.0
2025-07-14,0.0,-0.00013565022390012638,0.0
2025-07-15,-0.0019471770091914035,-3.1418116217105326e-05,0.0
2025-07-16,0.00019071230463562586,0.0,0.0
2025-07-17,0.0006452861404502503,-0.0001563620056197951,0.0
2025-07-18,0.0014188822019212542,-0.00011674118488928349,0.0
2025-07-21,0.0004479066945105396,0.00014409562159264748,0.00032889642667162985
2025-07-22,3.633467946035378e-05,-3.979768576333035e-05,0.0
2025-07-23,-0.002099161350940022,-0.0008977233980869831,-9.72096575890312e-05
2025-07-24,-0.0005259867098383948,0.0,0.0
2025-07-25,0.0010682016884255526,-0.0005599805662370319,-0.000666593601961873
2025-07-28,-0.001911204189834189,-2.312588338204321e-06,0.0014035290952368767
2025-07-29,0.0006441137240693695,-0.001487468949883216,0.0006130662306810504
2025-07-30,-0.0007807873182680382,4.897725696953478e-05,-0.0006058042769206836
2025-07-31,7.4258049990823445e-06,-0.0004668476448988004,-0.0004465942516790886
2025-08-01,-0.00016499721386636516,-2.5757670309050457e-05,-0.00034183445400606284
2025-08-04,0.01313033372368236,-3.434271841785558e-05,0.0007591121162088066
2025-08-05,-0.000795923534860067,0.00030953814333724387,0.001943207882108822
2025-08-06,0.0004660379926119955,-2.7995585206825187e-05,0.0015256053918883208
2025-08-07,0.00019248167982069614,0.0,-0.00014574781329930136
2025-08-08,0.0,0.00015349742950185606,-8.145535081938306e-05
2025-08-11,-0.00041398901995675687,0.0009523412696565142,-0.0005785276856128625
2025-08-12,-0.0004865052774380043,-4.0897599526884455e-05,-1.0456676459349114e-05
2025-08-13,0.0,0.00014568749940559238,0.0
2025-08-14,0.0,0.00073169819891662,-0.0007685033447397613
2025-08-15,8.346442577115371e-05,-0.0013459661517987776,0.0004915639605640327
2025-08-18,4.180391779138085e-06,0.0011331887852083868,-0.0008459839781626521
2025-08-19,-3.40571462133061e-05,0.00022802820701750234,0.0003206662874460747
2025-08-20,0.00013496644960099552,0.0,0.0005924763121065096
2025-08-21,0.0,-0.0002476279814395693,-0.0009218561440254148
2025-08-22,-7.234117554194198e-05,-0.003962089829645582,-0.00014462101517732505
2025-08-25,0.001993121166295218,0.0019352143022093795,0.0
2025-08-26,0.0009740091636257773,0.0002764670056713287,0.001736316594738318
2025-08-27,1.3626399845816065e-05,1.637075514787576e-05,-0.0006936470881307577
2025-08-28,0.0,-0.0004344714374322239,0.00013993368269806493
2025-08-29,0.0,0.0,0.0
2025-09-01,-2.4956973940380137e-05,0.0017291129026800092,0.002794842595436274
2025-09-02,2.794173522201651e-05,0.00013496728622081465,-0.0010800575361377576
2025-09-03,0.000490699012345051,-1.2807095007227767e-05,0.0022365045540779145
2025-09-04,0.0020012339967971707,2.7837333031828447e-06,-0.0008350216117266403
2025-09-05,0.00045788214468642463,-1.744918996875924e-05,0.00029039837677396834
2025-09-08,-0.0004617805328528345,-0.0021324292075316827,0.0
2025-09-09,-0.0008033449568230418,-0.0036008832072673483,0.0005460592218446841
2025-09-10,-0.0005476870815937405,6.089302950136328e-05,0.0003825713301321934
2025-09-11,-7.216433423258232e-05,-0.00011311611871394212,1.3637850546575286e-07
2025-09-12,4.5714205503698995e-07,0.0015876000990390675,0.0
2025-09-15,4.1090221161618703e-05,5.728384257739483e-05,-0.0005899567583740948
2025-09-16,0.00018179227612393875,0.0,0.0005322733753251324
2025-09-17,0.0001290881373523484,-0.0009961661200821425,-0.0019654366294764125
2025-09-18,0.0017590388098080768,0.000476902674364264,1.7527234250190897e-05
2025-09-19,-0.0010263301826875684,0.0,2.9802980755724863e-05
2025-09-22,-0.0009576127932464545,0.0,-0.002946539518566595
2025-09-23,-5.4482309798047903e-05,-0.00042223155771697115,0.0020443790165246604
2025-09-24,-1.82011779260633e-05,0.0009674075679864373,0.000912573649337042
2025-09-25,0.0,-0.000247951308850627,-0.0003788520556906259
2025-09-26,-0.003904068727251392,-0.0029605825449598895,-0.00021779803225713702
2025-09-29,0.0018445220167966538,0.0021869102231362957,-8.088649989136788e-06
2025-09-30,-0.001158873642710222,0.0002537867970387644,0.0005491179794199995
2025-10-01,-0.002388198305205851,5.3273352563472215e-06,0.0030889239240521394
2025-10-02,-0.0021968259785347523,0.0,4.105490205802165e-05
2025-10-03,0.0006868088753686144,4.368701333324543e-06,2.8063079894024856e-05
2025-10-06,-2.5388085927521305e-05,0.0,3.363496087336432e-05
2025-10-07,-0.0034212247253078594,0.0001327738414132594,9.873399000178719e-05
2025-10-08,-0.001968230311489736,0.00022330494087925115,-0.00015652244912559075
2025-10-09,-0.002514182458944107,0.0,0.0
2025-10-10,0.0,8.640755312444971e-05,0.002496081552306052
2025-10-13,3.001105642328253e-05,-3.299810003379098e-05,0.004644200181722337
2025-10-14,0.0009631580134740806,-0.00020968429120294042,0.002703190451687314
2025-10-15,0.0005335537615762584,0.0,0.001767606424705945
2025-10-16,-0.0004867606951688907,0.0,0.0006466028138796781
2025-10-17,-0.001295945662356655,0.00033016910687014387,-0.0010748250918716695
2025-10-20,0.0014936761360505983,0.0004252479964115108,0.00034099706160340803
2025-10-21,0.00011965061115827715,-0.00011029062894308526,0.0
2025-10-22,0.0,0.0005073825127321636,0.0
2025-10-23,-0.0001131491877607466,-2.652505594666411e-05,0.0003001921628840461
2025-10-24,-0.0001641555236038928,-0.00027542522457162544,1.329413008906386e-05
2025-10-27,-0.00032903487402347064,-0.00011067002858512471,-0.0003902124355756125
2025-10-28,6.43224524874399e-06,0.0008685028758264714,0.0
2025-10-29,-0.00015186968433977428,-0.0023785771533418494,-0.0023280432683150734
2025-10-30,-0.00029149139536943636,0.0018434422726243058,-0.002851394106330618
2025-10-31,-0.001305371183398694,-0.0005665727740569894,-0.001067656579653199
2025-11-03,-7.992431527566819e-05,0.0,3.333045151057506e-05
2025-11-04,-3.3514742916598273e-05,-1.6039330963550985e-05,0.0
2025-11-05,8.94446185824308e-06,-0.00035815721389358644,0.004245088388725404
2025-11-06,0.0011864883630478165,0.00012077047593419375,-0.00038948950223796207
2025-11-07,-0.0001275041104157981,0.00034956996671084954,0.0
2025-11-10,0.001021018826416017,-0.0009452347887915025,-0.0037427917566709348
2025-11-11,-0.0008923172799699343,-6.995512321000748e-05,-0.0006178498418623603
2025-11-12,0.0002942554445540678,0.0,-6.460658847609092e-05
2025-11-13,-0.0004874942542108312,0.0,-0.0007431853423693099
2025-11-14,-2.052276163259937e-05,-0.0004904974314016618,-0.001048796770810576
2025-11-17,0.00016536662994229095,0.0011764385252213305,0.0
2025-11-18,-0.00020550263010690205,0.00575177352006704,0.00969997223705644
2025-11-19,-0.0005304206674393592,0.00028114461881626997,0.003839459335859012
2025-11-20,5.152555732846278e-06,0.0,0.0015969669196246317
2025-11-21,-0.0001808470752685808,-0.000154413242839494,-0.0006341459750716054
2025-11-24,-0.0005249473956554474,0.00018756108419405655,0.0007246351562489292
2025-11-25,0.0009616710010438179,0.0010311829812565463,0.0019557066652153895
2025-11-26,2.137007446609431e-05,0.00042378638756662126,0.0011737326397396495
2025-11-27,0.0026704933689504487,0.0016367495847223281,0.002787265957879003
2025-11-28,0.0028001139103697795,0.0008225286357824344,0.0019498564043942672
2025-12-01,0.00033710027590476074,0.0016236568286157357,0.0023228217989111743
2025-12-02,-0.0002253130208720678,0.0,0.0
2025-12-03,8.002555476402501e-05,0.0,0.0
2025-12-04,3.586732664650077e-05,0.0,-2.2775093288781137e-05
2025-12-05,0.0001173896718183139,1.5571010396622471e-06,0.0
2025-12-08,-0.0001922723511512981,8.500766475942415e-05,1.0010572775685745e-05
2025-12-09,0.0,-4.8345402308726106e-05,0.0
2025-12-10,-0.0006684914179718661,9.712815274174935e-05,1.411406549625686e-05
2025-12-11,0.0017295861984799698,0.0004347142872688575,0.0
2025-12-12,-3.842398312602351e-05,1.9262661560120067e-05,-0.00025275509457073537
2025-12-15,-0.0003254126906548501,-4.05214761606949e-05,-2.7045965550431756e-06
2025-12-16,-0.0002202330392814521,-4.116925724456407e-05,0.0
2025-12-17,-0.0007016027358575806,7.101747286216392e-05,0.001655750032397034
2025-12-18,0.0008148014986353613,-0.0016294875407128263,-3.1595705287781124e-06
2025-12-19,0.00034583929090896263,0.0009241243251895642,0.0
2025-12-22,0.0,-0.00017635664670371956,0.0
2025-12-23,0.0025992822257724186,5.948828124345883e-05,5.948828124345883e-05
2025-12-24,-0.001564810756151515,-0.0008968986576685608,-0.0016765436580720124
2025-12-26,-0.0001856129501208781,0.002609089546808318,0.0037502065099906503
2025-12-29,0.0,-0.002093875170965837,-0.00410792246654067
2025-12-30,0.0,-0.0003454144588838679,-0.00042264468214829777
2025-12-31,0.00022397420815499025,7.38538294101337e-05,0.00014017341925147726
2026-01-02,3.4232154052508306e-05,-0.0002640218941629836,-0.0002957471882987697
2026-01-05,0.0,0.0008218783664258589,0.001100979802107814
2026-01-06,0.0,0.0004248342179740917,0.00042477380603411015
2026-01-07,0.000269981855610555,0.0006828642874656583,0.0004125148843569836
2026-01-08,-9.033282480406163e-05,0.0,6.740043737415097e-05
2026-01-09,-9.883141268522054e-05,1.950477376988762e-06,0.0007247018836280558
2026-01-12,0.0,0.0,-0.0005626754662904803
2026-01-13,0.00022669084972634488,-7.484191274557735e-05,4.565724391311381e-06
2026-01-14,0.00022473240828581494,-0.003773746980201854,-0.0024703549852674173
2026-01-15,0.002957331792269477,0.0008881520512879456,0.0011655956866023004
2026-01-16,0.00022159464182461627,0.0004947282485458786,0.0011059468239355578
2026-01-19,0.0001632116016385678,0.0,-0.00015932702183801503
2026-01-20,0.002868863241636155,0.0,0.0
2026-01-21,-0.00019946399301731555,0.0,0.0
2026-01-22,0.0005899354680733463,0.004187773922421946,0.004989573064771756
2026-01-23,-6.545180981663634e-05,0.0018760004895350983,0.0011852895554203833
2026-01-26,0.0,0.00010003076577269602,0.00010003076577269602
2026-01-27,-0.003392432085670128,0.0013858288415800855,-0.0004486979002337674
2026-01-28,-0.0022720595893408147,0.0012909677291248938,0.0
2026-01-29,0.002301175220453872,0.004570401108298955,-0.0005000175785820814
2026-01-30,2.734683401958528e-05,-0.0023550088707263647,-0.00017284857256953884
2026-02-02,0.0,-0.0009967266060266278,0.0
2026-02-03,-0.00017529321035878928,0.0004901790875977703,-0.0017871860106224587
2026-02-04,-7.396886718581982e-05,1.1173935233791753e-05,0.0
2026-02-05,0.0,0.0,0.0011417559906892313
2026-02-06,-0.0016828431009259504,3.106764485363099e-05,-0.004487812301818029
2026-02-09,0.0011944025769996724,-7.473343940485934e-05,0.0017019810640193501
2026-02-10,5.22293604406555e-05,7.514948412341296e-05,-0.00022392419024329672
2026-02-11,-0.0023871692670311326,0.0,0.0
2026-02-12,-0.005111217668957489,-0.001931388750486859,-0.0016155773930568063
2026-02-13,-0.000872580710126322,0.001969343418796782,-0.0019858462432738007
2026-02-16,0.0,-8.129494995302866e-05,0.0
2026-02-17,2.139478880207168e-05,-8.590496856682707e-05,0.0
2026-02-18,0.000860454130882421,4.789205346214535e-05,0.0
2026-02-19,-0.00041568240184214973,-7.618023614962605e-05,0.0
2026-02-20,-0.0015261261635534608,-0.0005935944369396028,0.0
2026-02-23,0.0,0.0,0.00025128265005063314
2026-02-24,0.0,0.0,0.0
2026-02-25,0.0,-0.0012214904659766128,-0.000181384775801261
2026-02-26,-0.0014089618020732939,-0.0006641240802736102,-0.0002553184868147199
2026-02-27,0.0017068981811837638,-0.00019768678284985182,0.0025993619480650714
2026-03-02,-0.0009656432922754765,0.0,-0.0005564813036437561
2026-03-03,0.0006444721374037508,0.0027531753047894793,-0.00048717233746284816
2026-03-04,-0.003770705633798408,-0.0017103435127543195,-0.018432082610287674
2026-03-05,0.0040256410106747995,0.0019205932376783878,0.014383364611257667
2026-03-06,0.0019182147126128044,0.003694510075043898,0.011909130437547133
2026-03-09,-0.0006550032023885642,0.0026890973774147575,-0.0005770629926184494
2026-03-10,0.002591689637237407,5.075194481869949e-05,0.0
2026-03-11,0.0021894116001256107,0.0011228007962642973,0.0038703497512854847
2026-03-12,-0.00010399782429468707,0.000224077480244521,-0.00045750427499741055
2026-03-13,-1.801119109307905e-05,0.0,0.0
2026-03-16,0.00177100047093285,0.0008289718559157165,0.001960472503112218
2026-03-17,0.0008984957834385797,0.007048648887502933,0.008895395115477319
2026-03-18,-6.420233996390951e-05,-0.0005997482614457612,0.001895436319356136
2026-03-19,2.6997471939260738e-05,0.0,0.0
2026-03-20,0.002479200869107619,0.0009063935421813197,0.0049454576009382075
2026-03-23,0.006975738207959376,0.002793541831941427,0.004174606435419423
2026-03-24,0.0036185515107652073,0.003271964250215775,0.002913741709416982
2026-03-25,0.0009521735237061893,0.0028377669755871205,0.005408535405326741
2026-03-26,0.0,5.608199136750852e-05,4.960550693847881e-05
2026-03-27,-3.9722926216564285e-05,0.0,-3.9333302990799616e-05
2026-03-30,0.0,0.0,0.0
2026-03-31,-0.0009878282788036005,0.0,0.0001330252323618228
2026-04-01,-0.0012717967781771273,0.0,0.0
2026-04-02,0.0009141673916072726,0.00012441981239503882,0.0014111102421156996
2026-04-03,0.0006384867361139171,0.0007315675724712278,0.0015772461967382802
2026-04-06,-0.0002649993120875159,-4.547196733882753e-05,-0.0004775357991633945
2026-04-07,0.0,0.0,0.0
2026-04-08,-0.00023307041325802973,0.0,0.0
2026-04-09,-0.0005459704244976916,0.0015671715788826335,0.0
2026-04-10,0.0,0.0005778634920565077,-0.0016448270593504891
2026-04-13,-0.0008108401260462821,0.0,0.0
2026-04-14,0.00019607526711790487,0.0,8.416576820095178e-05
2026-04-15,-0.0005356378171221437,-0.00045842525512224065,0.0
2026-04-16,9.165145395394126e-05,0.0006316360007348151,8.688494678789593e-05
2026-04-17,0.0,-0.00016258346568305337,-1.3422120679897188e-05
2026-04-20,0.0006576608680289588,-0.00013924116998020788,0.0
2026-04-21,-5.733338314127888e-06,0.0,0.004034570327741637
2026-04-22,0.0,-1.4110566924667886e-05,-0.003189578469739617
2026-04-23,-8.773532687032054e-05,-5.4850587944737314e-05,0.005994632415306794
2026-04-24,-1.3777066303422036e-05,0.00011328639657174818,0.00012210742199201928
2026-04-27,1.4720377492565835e-05,0.00023162039834814316,0.0010067169334546076
2026-04-28,-9.1768698401264e-05,0.0005491796486567742,4.4854190505567214e-05
2026-04-29,0.0,0.00013514887159270017,-6.100667072613215e-05
2026-04-30,-2.4581619374010983e-05,-0.0006078340957503053,-0.00036544207909165543
2026-05-01,0.008263074925355548,0.000591086684609405,0.0035324880807614876
2026-05-04,-0.0002445622166398099,1.6461334847115493e-05,-0.0007029337281825045
2026-05-05,-0.00029202577993175195,0.0,0.0
2026-05-06,0.0002684091095514952,0.00023777804328659757,0.0
2026-05-07,0.0008057055348212676,0.0,0.0
2026-05-08,0.0028987492891975027,0.0017856881892027417,0.004699718834128369
2026-05-11,-0.001793230241290781,-6.022700175809694e-05,-0.0030441184969676226
2026-05-12,-0.0016581089580799415,0.0002757747977124353,-0.0017640343967185938
2026-05-13,-0.0021813166619565915,-0.0008201826544727447,-0.008209816971981095
2026-05-14,0.0001077073405734816,-0.0005386240240834555,-0.000100109980657509
2026-05-15,0.0,-1.0712537902789464e-05,0.00033727812870583786
2026-05-18,-0.0010973773117668847,0.0004935964733085538,-1.4844761461790615e-06
2026-05-19,0.0016918172232040936,0.0009108075953818148,0.0
2026-05-20,-9.375582745074881e-05,0.00027432395401412045,-0.0006278496946760628
2026-05-21,8.890973673927617e-05,0.002278835158311866,0.003154045270080244
2026-05-22,-3.631339530137356e-06,-0.00035058000173875293,-0.0007494527497755865
2026-05-25,-0.0003653073293504414,-0.00014764591135110218,-0.00022441474673977178
2026-05-26,-0.00039012174405352653,4.455298847915426e-05,-2.1264700143133037e-05
2026-05-27,0.0,0.0,0.0
2026-05-28,-0.0007765140881222229,-0.0001157955604188213,-0.000466840445577601
2026-05-29,-3.084308594621651e-05,7.245071078861323e-05,0.0
2026-06-01,0.0006408612807269286,0.0003490126198233404,0.0003676490967996982
2026-06-02,-0.0011243902527442128,-0.00010624969720058198,-0.00037295725402634124
2026-06-03,2.527887674927382e-05,0.001875564227674197,0.001875564227674197
2026-06-04,4.473359329481434e-07,-0.00011845060515179161,-0.00029701078548379514
2026-06-05,-0.0003302470916589685,-0.00013296794974383564,0.0
2026-06-08,4.478243777730977e-05,0.0003741364336865284,0.0
2026-06-09,-3.243321975877903e-05,-4.669041687118874e-06,4.118972958235605e-05
2026-06-10,0.0010734082827905994,0.0,-0.0005424489185220223
2026-06-11,-6.879372848449128e-05,0.0004758978674851145,2.0713377293253382e-05
2026-06-12,0.0,0.0007290652458032768,0.0007245564622835464
2026-06-15,-0.00039391798825066867,0.0003433497392321032,-8.59794370034237e-05
2026-06-16,0.0004179624126522301,0.0010287000289978742,0.0006355555002599178
2026-06-17,-0.0004519642909614299,0.0004504684442249444,0.000775285218148995
2026-06-18,0.00023007257810783748,8.124140701094e-05,6.338746019364484e-05
2026-06-19,-0.000524089689857695,-0.0007020099673920539,-6.076422892859906e-05
2026-06-20,5.7900937776126824e-05,0.0,0.0
2026-06-21,0.0,0.0,0.0
