overall_rank,pair1,pair2,rank_model_a_strength,zscore_model_a_strength,adf_p_model_a_strength,adf_stat_model_a_strength,corr_1m_model_a_strength,corr_3m_model_a_strength,corr_6m_model_a_strength,corr_9m_model_a_strength,corr_12m_model_a_strength,rank_model_b_divergence,zscore_model_b_divergence,adf_p_model_b_divergence,adf_stat_model_b_divergence,corr_1m_model_b_divergence,corr_3m_model_b_divergence,corr_6m_model_b_divergence,corr_9m_model_b_divergence,corr_12m_model_b_divergence,rank_model_c_cointegration,zscore_model_c_cointegration,adf_p_model_c_cointegration,adf_stat_model_c_cointegration,corr_1m_model_c_cointegration,corr_3m_model_c_cointegration,corr_6m_model_c_cointegration,corr_9m_model_c_cointegration,corr_12m_model_c_cointegration,avg_rank,conviction_score,avg_zscore,conviction,suggested_direction,reason,zscore,zscore_bucket,momentum,momentum_bucket,action
1,EURUSD,USDKRW,4.0,-0.06374264458463094,,,-0.6424935020628387,-0.47134380858287245,-0.5264362190771384,-0.46698182478007194,-0.47345608271630113,4.0,-0.06374264458463094,,,-0.6424935020628387,-0.47134380858287245,-0.5264362190771384,-0.46698182478007194,-0.47345608271630113,4.0,-0.06374264458463094,0.0,-20.159459623548972,-0.6424935020628387,-0.47134380858287245,-0.5264362190771384,-0.46698182478007194,-0.47345608271630113,4.0,85.0,-0.06374264458463094,High,long pair2 / short pair1,Model A(强度/稳定性)排名第4/21：1m相关性-0.64、12m相关性-0.47，多窗口下相关性强且一致；Model B(背离)、Model C(cointegration)也将其排进前5,-0.06374264458463094,neutral,0.6026687917970548,reverting,获利了结
2,USDTWD,USDKRW,9.0,-0.09595495808837055,,,0.216043264850942,0.6133486624165241,0.6370055963008104,0.5952596446702079,0.5837924140683232,1.0,-0.09595495808837055,,,0.216043264850942,0.6133486624165241,0.6370055963008104,0.5952596446702079,0.5837924140683232,9.0,-0.09595495808837055,0.0,-19.03471780667567,0.216043264850942,0.6133486624165241,0.6370055963008104,0.5952596446702079,0.5837924140683232,6.333333333333333,73.33333333333334,-0.09595495808837055,High,long pair2 / short pair1,Model B(背离)排名第1/21：1m相关性0.22 偏离 12m基准0.58，背离幅度0.37,-0.09595495808837055,neutral,0.9547285118098552,reverting,获利了结
3,AUDNZD,USDKRW,13.0,-0.1830962449518351,,,0.2647928596474896,0.20459890602316724,0.08468778962854157,0.07693203767500632,0.08972111622342861,3.0,-0.1830962449518351,,,0.2647928596474896,0.20459890602316724,0.08468778962854157,0.07693203767500632,0.08972111622342861,8.0,-0.1830962449518351,0.0,-19.050257101370104,0.2647928596474896,0.20459890602316724,0.08468778962854157,0.07693203767500632,0.08972111622342861,8.0,65.0,-0.1830962449518351,Medium,long pair2 / short pair1,Model B(背离)排名第3/21：1m相关性0.26 偏离 12m基准0.09，背离幅度0.18,-0.1830962449518351,neutral,0.6750020438532494,reverting,获利了结
4,EURUSD,USDTWD,5.0,0.04491095711800071,,,-0.46871197390955827,-0.46676720792784954,-0.549384965440174,-0.4127960552458659,-0.46451387536540406,21.0,0.04491095711800071,,,-0.46871197390955827,-0.46676720792784954,-0.549384965440174,-0.4127960552458659,-0.46451387536540406,1.0,0.04491095711800071,0.0,-21.124065910372202,-0.46871197390955827,-0.46676720792784954,-0.549384965440174,-0.4127960552458659,-0.46451387536540406,9.0,60.0,0.044910957118000715,Medium,short pair2 / long pair1,Model C(cointegration)排名第1/21：价差ADF检验统计量=-21.1（越负越显著），p值<0.001，存在统计意义上的均值回归证据；Model A(强度/稳定性)也将其排进前5,0.04491095711800071,neutral,0.9680876001063151,reverting,获利了结
5,GBPUSD,USDTWD,8.0,0.5534324527910908,,,-0.4646476034928864,-0.45369491010495167,-0.5314041167887225,-0.40575244403120675,-0.43817549290821106,21.0,0.5534324527910908,,,-0.4646476034928864,-0.45369491010495167,-0.5314041167887225,-0.40575244403120675,-0.43817549290821106,2.0,0.5534324527910908,0.0,-20.39484065734863,-0.4646476034928864,-0.45369491010495167,-0.5314041167887225,-0.40575244403120675,-0.43817549290821106,10.333333333333334,53.33333333333333,0.5534324527910908,Medium,short pair2 / long pair1,Model C(cointegration)排名第2/21：价差ADF检验统计量=-20.4（越负越显著），p值<0.001，存在统计意义上的均值回归证据,0.5534324527910908,moderate,0.3467539310970881,reverting,买入
6,GBPUSD,USDKRW,6.0,0.23795846589357506,,,-0.44695059887404426,-0.41429066356088895,-0.5201250973972577,-0.46028949153815446,-0.47408906586392596,21.0,0.23795846589357506,,,-0.44695059887404426,-0.41429066356088895,-0.5201250973972577,-0.46028949153815446,-0.47408906586392596,6.0,0.23795846589357506,0.0,-19.42747563134952,-0.44695059887404426,-0.41429066356088895,-0.5201250973972577,-0.46028949153815446,-0.47408906586392596,11.0,50.0,0.23795846589357506,Medium,short pair2 / long pair1,Model A(强度/稳定性)排名第6/21：1m相关性-0.45、12m相关性-0.47，多窗口下相关性强且一致,0.23795846589357506,neutral,-0.8875345607364459,extending,减仓
7,GBPUSD,USDJPY,3.0,0.8466496355862559,,,-0.6670836330671065,-0.6091862249042671,-0.6232259852745642,-0.5730590701570759,-0.6126435952337256,21.0,0.8466496355862559,,,-0.6670836330671065,-0.6091862249042671,-0.6232259852745642,-0.5730590701570759,-0.6126435952337256,10.0,0.8466496355862559,7.114468551720981e-29,-15.964654381208076,-0.6670836330671065,-0.6091862249042671,-0.6232259852745642,-0.5730590701570759,-0.6126435952337256,11.333333333333334,48.33333333333333,0.8466496355862559,Medium,short pair2 / long pair1,Model A(强度/稳定性)排名第3/21：1m相关性-0.67、12m相关性-0.61，多窗口下相关性强且一致,0.8466496355862559,moderate,-0.7308516281675561,extending,观望
8,USDCNY,USDTWD,11.0,-0.03580241322161995,,,0.08053763451668355,0.32280544502989295,0.08812589821360785,0.14255627455733144,0.1641398557118409,21.0,-0.03580241322161995,,,0.08053763451668355,0.32280544502989295,0.08812589821360785,0.14255627455733144,0.1641398557118409,3.0,-0.03580241322161995,0.0,-20.290752886102204,0.08053763451668355,0.32280544502989295,0.08812589821360785,0.14255627455733144,0.1641398557118409,11.666666666666666,46.66666666666667,-0.03580241322161995,Medium,long pair2 / short pair1,Model C(cointegration)排名第3/21：价差ADF检验统计量=-20.3（越负越显著），p值<0.001，存在统计意义上的均值回归证据,-0.03580241322161995,neutral,-0.6321797363177997,extending,减仓
9,EURUSD,GBPUSD,1.0,1.5777159973032506,,,0.8867158945053664,0.8994846758033834,0.8776832380995107,0.8531681959183128,0.8279362939782572,21.0,1.5777159973032506,,,0.8867158945053664,0.8994846758033834,0.8776832380995107,0.8531681959183128,0.8279362939782572,14.0,1.5777159973032506,2.520170464793169e-24,-13.015139705639449,0.8867158945053664,0.8994846758033834,0.8776832380995107,0.8531681959183128,0.8279362939782572,12.0,45.0,1.5777159973032504,Medium,short pair2 / long pair1,Model A(强度/稳定性)排名第1/21：1m相关性0.89、12m相关性0.83，多窗口下相关性强且一致,1.5777159973032506,extreme,-1.4996013428224841,extending,谨慎加仓
10,USDJPY,USDTWD,10.0,0.019366038677882554,,,0.34380133694273424,0.39261860806059184,0.5295399053527581,0.38606609224730826,0.41002988260454,21.0,0.019366038677882554,,,0.34380133694273424,0.39261860806059184,0.5295399053527581,0.38606609224730826,0.41002988260454,5.0,0.019366038677882554,0.0,-19.4445846063622,0.34380133694273424,0.39261860806059184,0.5295399053527581,0.38606609224730826,0.41002988260454,12.0,45.0,0.019366038677882554,Medium,short pair2 / long pair1,Model C(cointegration)排名第5/21：价差ADF检验统计量=-19.4（越负越显著），p值<0.001，存在统计意义上的均值回归证据,0.019366038677882554,neutral,0.6014053411138042,reverting,获利了结
11,USDCNY,USDKRW,16.0,-0.09393924038440783,,,-0.0944157939815039,0.31243741230547223,0.12992355691106688,0.12835074157999785,0.16013355413235886,2.0,-0.09393924038440783,,,-0.0944157939815039,0.31243741230547223,0.12992355691106688,0.12835074157999785,0.16013355413235886,21.0,-0.09393924038440783,2.2203963522055947e-12,-8.009545017568037,-0.0944157939815039,0.31243741230547223,0.12992355691106688,0.12835074157999785,0.16013355413235886,13.0,40.0,-0.09393924038440783,Medium,long pair2 / short pair1,Model B(背离)排名第2/21：1m相关性-0.09 偏离 12m基准0.16，背离幅度0.25,-0.09393924038440783,neutral,0.6463335215612093,reverting,获利了结
12,EURUSD,USDCNY,17.0,-0.2781097442870651,,,0.007102449105276373,-0.4004431170173824,-0.1255030053243781,-0.1353942930975728,-0.15324887618780186,5.0,-0.2781097442870651,,,0.007102449105276373,-0.4004431170173824,-0.1255030053243781,-0.1353942930975728,-0.15324887618780186,17.0,-0.2781097442870651,9.970611842135703e-19,-10.515824669686586,0.007102449105276373,-0.4004431170173824,-0.1255030053243781,-0.1353942930975728,-0.15324887618780186,13.0,40.0,-0.2781097442870651,Medium,long pair2 / short pair1,Model B(背离)排名第5/21：1m相关性0.01 偏离 12m基准-0.15，背离幅度0.16,-0.2781097442870651,neutral,0.5530925402812976,reverting,获利了结
13,EURUSD,USDJPY,2.0,-0.10187187743173229,,,-0.6006292218135199,-0.5925885564299704,-0.6514527032338431,-0.6265835004105261,-0.6724816017188749,21.0,-0.10187187743173229,,,-0.6006292218135199,-0.5925885564299704,-0.6514527032338431,-0.6265835004105261,-0.6724816017188749,19.0,-0.10187187743173229,7.485648383373056e-15,-8.976987930087219,-0.6006292218135199,-0.5925885564299704,-0.6514527032338431,-0.6265835004105261,-0.6724816017188749,14.0,35.0,-0.10187187743173227,Low,long pair2 / short pair1,Model A(强度/稳定性)排名第2/21：1m相关性-0.60、12m相关性-0.67，多窗口下相关性强且一致,-0.10187187743173229,neutral,-0.5243612965530287,extending,减仓
14,AUDNZD,USDCNY,21.0,-0.29274656699627305,,,0.12548584684652714,0.13303512140553267,-0.06423041867884104,-0.04284965164072726,-0.025513771046757883,6.0,-0.29274656699627305,,,0.12548584684652714,0.13303512140553267,-0.06423041867884104,-0.04284965164072726,-0.025513771046757883,18.0,-0.29274656699627305,7.009131385385832e-18,-10.173009142060003,0.12548584684652714,0.13303512140553267,-0.06423041867884104,-0.04284965164072726,-0.025513771046757883,15.0,30.0,-0.29274656699627305,Low,long pair2 / short pair1,Model B(背离)排名第6/21：1m相关性0.13 偏离 12m基准-0.03，背离幅度0.15,-0.29274656699627305,neutral,0.6281562788040307,reverting,获利了结
15,USDJPY,AUDNZD,12.0,0.4793440516181777,,,0.1143613853467366,0.04539671677609538,0.08908984768948322,0.12644363195530195,0.12397745578013962,21.0,0.4793440516181777,,,0.1143613853467366,0.04539671677609538,0.08908984768948322,0.12644363195530195,0.12397745578013962,13.0,0.4793440516181777,2.5777055865348747e-28,-15.47806550496189,0.1143613853467366,0.04539671677609538,0.08908984768948322,0.12644363195530195,0.12397745578013962,15.333333333333334,28.333333333333332,0.4793440516181777,Low,short pair2 / long pair1,Model A(强度/稳定性)排名第12/21：1m相关性0.11、12m相关性0.12，多窗口下相关性强且一致,0.4793440516181777,neutral,-0.319444024041528,extending,减仓
16,USDJPY,USDKRW,7.0,-0.063836215078362,,,0.40064099517583646,0.5020357703462638,0.5177835487176841,0.44100024237846314,0.4438499266159706,21.0,-0.063836215078362,,,0.40064099517583646,0.5020357703462638,0.5177835487176841,0.44100024237846314,0.4438499266159706,20.0,-0.063836215078362,5.538025240370106e-13,-8.24643310107073,0.40064099517583646,0.5020357703462638,0.5177835487176841,0.44100024237846314,0.4438499266159706,16.0,25.0,-0.063836215078362,Low,long pair2 / short pair1,Model A(强度/稳定性)排名第7/21：1m相关性0.40、12m相关性0.44，多窗口下相关性强且一致,-0.063836215078362,neutral,0.6829193951069997,reverting,获利了结
17,AUDNZD,USDTWD,20.0,-0.16037857836400032,,,-0.06707612792636802,0.1493166534856879,0.02821047190563114,0.029563867356442456,0.0647564689663304,21.0,-0.16037857836400032,,,-0.06707612792636802,0.1493166534856879,0.02821047190563114,0.029563867356442456,0.0647564689663304,7.0,-0.16037857836400032,0.0,-19.41778832636612,-0.06707612792636802,0.1493166534856879,0.02821047190563114,0.029563867356442456,0.0647564689663304,16.0,25.0,-0.16037857836400032,Low,long pair2 / short pair1,Model C(cointegration)排名第7/21：价差ADF检验统计量=-19.4（越负越显著），p值<0.001，存在统计意义上的均值回归证据,-0.16037857836400032,neutral,-0.5374464628751947,extending,减仓
18,GBPUSD,AUDNZD,18.0,0.5409807280641572,,,-0.1100981446718075,-0.0032568190793856506,-0.0323419528766398,-0.10463716713421223,-0.14119366514264103,21.0,0.5409807280641572,,,-0.1100981446718075,-0.0032568190793856506,-0.0323419528766398,-0.10463716713421223,-0.14119366514264103,11.0,0.5409807280641572,1.4006647093319238e-28,-15.69979344957462,-0.1100981446718075,-0.0032568190793856506,-0.0323419528766398,-0.10463716713421223,-0.14119366514264103,16.666666666666668,21.66666666666666,0.5409807280641572,Low,short pair2 / long pair1,Model C(cointegration)排名第11/21：价差ADF检验统计量=-15.7（越负越显著），p值<0.001，存在统计意义上的均值回归证据,0.5409807280641572,moderate,-0.3523479580706397,extending,观望
19,USDJPY,USDCNY,14.0,-0.2861684252210568,,,0.060964276460538126,0.4130379359490143,0.09480799637436456,0.13911931766779215,0.16118861643820473,21.0,-0.2861684252210568,,,0.060964276460538126,0.4130379359490143,0.09480799637436456,0.13911931766779215,0.16118861643820473,15.0,-0.2861684252210568,2.0571108557850405e-21,-11.64917007180364,0.060964276460538126,0.4130379359490143,0.09480799637436456,0.13911931766779215,0.16118861643820473,16.666666666666668,21.66666666666666,-0.2861684252210568,Low,long pair2 / short pair1,Model A(强度/稳定性)排名第14/21：1m相关性0.06、12m相关性0.16，多窗口下相关性强且一致,-0.2861684252210568,neutral,0.5918789731795503,reverting,获利了结
20,GBPUSD,USDCNY,15.0,-0.14395559485397036,,,-0.0856679518727145,-0.40305900519117216,-0.09627253824011774,-0.09365107617202233,-0.12724076218313352,21.0,-0.14395559485397036,,,-0.0856679518727145,-0.40305900519117216,-0.09627253824011774,-0.09365107617202233,-0.12724076218313352,16.0,-0.14395559485397036,8.181702771767794e-19,-10.550892800700503,-0.0856679518727145,-0.40305900519117216,-0.09627253824011774,-0.09365107617202233,-0.12724076218313352,17.333333333333332,18.33333333333334,-0.14395559485397036,Low,long pair2 / short pair1,Model A(强度/稳定性)排名第15/21：1m相关性-0.09、12m相关性-0.13，多窗口下相关性强且一致,-0.14395559485397036,neutral,0.7305563040951227,reverting,获利了结
21,EURUSD,AUDNZD,19.0,0.4824420057258503,,,-0.16474337533735997,0.07838148658663009,-0.05317275522543516,-0.11281288966749921,-0.12007767929653496,21.0,0.4824420057258503,,,-0.16474337533735997,0.07838148658663009,-0.05317275522543516,-0.11281288966749921,-0.12007767929653496,12.0,0.4824420057258503,1.4469790523316617e-28,-15.687601222317317,-0.16474337533735997,0.07838148658663009,-0.05317275522543516,-0.11281288966749921,-0.12007767929653496,17.333333333333332,18.33333333333334,0.4824420057258503,Low,short pair2 / long pair1,Model C(cointegration)排名第12/21：价差ADF检验统计量=-15.7（越负越显著），p值<0.001，存在统计意义上的均值回归证据,0.4824420057258503,neutral,-0.2946477630084289,flat,观望
